order_id,order_date,ship_date,ship_mode,customer_id
CA-2013-152156,2013-09-11,2013-12-11,Second Class,CG-12520
CA-2013-138688,,,Second Class,DV-13045
US-2012-108966,2012-11-10,,Standard Class,SO-20335
CA-2011-115812,2011-09-06,,Standard Class,BH-11710
CA-2014-114412,,,Standard Class,AA-10480
CA-2013-161389,2013-06-12,2013-11-12,Standard Class,IM-15070
US-2012-118983,,,Standard Class,HP-14815
CA-2011-105893,2011-11-11,,Standard Class,PK-19075
CA-2011-167164,,,Second Class,AG-10270
CA-2011-143336,,2011-01-09,Second Class,ZD-21925
CA-2013-137330,2013-10-12,,Standard Class,KB-16585
US-2014-156909,,,Second Class,SF-20065
CA-2012-106320,,,Standard Class,EB-13870
CA-2013-121755,,,Second Class,EH-13945
US-2012-150630,,,Standard Class,TB-21520
CA-2014-107727,,,Second Class,MA-17560
CA-2013-117590,2013-09-12,2013-11-12,First Class,GH-14485
CA-2012-117415,,,Standard Class,SN-20710
CA-2014-120999,2014-11-09,,Standard Class,LC-16930
CA-2013-101343,,,Standard Class,RA-19885
CA-2014-139619,,,Standard Class,ES-14080
CA-2013-118255,2013-12-03,,First Class,ON-18715
CA-2011-146703,,,Second Class,PO-18865
CA-2013-169194,,,Standard Class,LH-16900
CA-2012-115742,,,Standard Class,DP-13000
CA-2013-105816,2013-12-12,,Standard Class,JM-15265
CA-2013-111682,,,First Class,TB-21055
CA-2012-135545,,,Standard Class,KM-16720
US-2012-164175,,2012-05-05,Standard Class,PS-18970
CA-2011-106376,2011-05-12,2011-10-12,Standard Class,BS-11590
CA-2013-119823,2013-05-06,2013-07-06,First Class,KD-16270
CA-2013-106075,,,Standard Class,HM-14980
CA-2014-114440,,,Second Class,TB-21520
US-2012-134026,,2012-02-05,Standard Class,JE-15745
US-2014-118038,2014-10-12,2014-12-12,First Class,KB-16600
US-2011-147606,,2011-01-12,Second Class,JE-15745
CA-2013-127208,,,First Class,SC-20770
CA-2011-139451,2011-12-10,,Standard Class,DN-13690
CA-2012-149734,2012-03-09,2012-08-09,Standard Class,JC-16105
US-2014-119662,,,First Class,CS-12400
CA-2014-140088,,,Second Class,PO-18865
CA-2014-155558,,2014-03-11,Standard Class,PG-18895
CA-2013-159695,2013-06-04,2013-11-04,Second Class,GM-14455
CA-2013-109806,,,Standard Class,JS-15685
CA-2012-149587,,2012-05-02,Second Class,KB-16315
US-2014-109484,2014-07-11,,Standard Class,RB-19705
CA-2014-161018,2014-10-11,2014-12-11,Second Class,PN-18775
CA-2014-157833,,,First Class,KD-16345
CA-2013-149223,2013-07-09,2013-12-09,Standard Class,ER-13855
CA-2013-158568,,2013-03-09,Standard Class,RB-19465
CA-2013-129903,2013-02-12,2013-05-12,Second Class,GZ-14470
US-2012-156867,,,Standard Class,LC-16870
CA-2014-119004,,,Standard Class,JM-15250
CA-2012-129476,,,Standard Class,PA-19060
CA-2014-146780,,,Standard Class,CV-12805
CA-2013-128867,2013-04-11,2013-11-11,Standard Class,CL-12565
CA-2011-115259,,,Second Class,RC-19960
CA-2012-110457,2012-02-03,2012-06-03,Standard Class,DK-13090
US-2012-136476,2012-05-04,2012-10-04,Standard Class,GG-14650
CA-2013-103730,,,First Class,SC-20725
US-2011-152030,,,Second Class,AD-10180
US-2011-134614,,,Standard Class,PF-19165
US-2014-107272,2014-06-11,,Standard Class,TS-21610
US-2013-125969,2013-07-11,2013-11-11,Second Class,LS-16975
US-2014-164147,2014-03-02,2014-06-02,First Class,DW-13585
CA-2013-145583,,,Standard Class,LC-16885
CA-2013-110366,2013-06-09,2013-08-09,Second Class,JD-15895
CA-2014-106180,,,Standard Class,SH-19975
CA-2014-155376,,,Standard Class,SG-20080
CA-2012-110744,2012-07-09,2012-12-09,Standard Class,HA-14920
CA-2011-110072,,,Standard Class,MG-17680
CA-2013-114489,2013-06-12,2013-10-12,Standard Class,JE-16165
CA-2013-158834,,,First Class,TW-21025
CA-2012-124919,,2012-02-06,First Class,SP-20650
CA-2012-118948,,2012-03-06,Standard Class,NK-18490
CA-2011-104269,2011-01-03,2011-06-03,Second Class,DB-13060
CA-2013-114104,,,Standard Class,NP-18670
CA-2013-162733,2013-12-05,,First Class,TT-21070
CA-2012-119697,,,Second Class,EM-13960
CA-2013-154508,,,Standard Class,RD-19900
CA-2013-113817,2013-08-11,2013-12-11,Standard Class,MJ-17740
CA-2011-139892,2011-08-09,2011-12-09,Standard Class,BM-11140
CA-2011-118962,2011-05-08,2011-09-08,Standard Class,CS-12130
US-2011-100853,,,Standard Class,JB-15400
US-2014-152366,,,Second Class,SJ-20500
US-2012-101511,,,Second Class,JE-15745
CA-2012-137225,,,Standard Class,JK-15640
CA-2011-166191,2011-05-12,2011-09-12,Second Class,DK-13150
CA-2011-158274,,,Second Class,RM-19675
CA-2013-105018,,2013-03-12,Standard Class,SK-19990
CA-2011-123260,,,Standard Class,FM-14290
CA-2013-157000,,,Standard Class,AM-10360
CA-2012-102281,2012-12-10,,First Class,MP-17470
CA-2012-131457,,2012-06-11,Standard Class,MZ-17515
CA-2011-140004,,,Standard Class,CB-12025
CA-2014-107720,2014-07-11,,Standard Class,VM-21685
US-2014-124303,2014-07-07,,Standard Class,FH-14365
CA-2014-105074,,,Standard Class,MB-17305
CA-2011-133690,2011-03-08,2011-05-08,First Class,BS-11755
US-2014-116701,,,Second Class,LC-17140
CA-2014-126382,2014-04-06,2014-08-06,Standard Class,HK-14890
CA-2014-108329,2014-10-12,,Standard Class,LE-16810
CA-2014-135860,2014-02-12,2014-08-12,Standard Class,JH-15985
CA-2012-101007,2012-09-02,,Second Class,MS-17980
CA-2012-146262,2012-02-01,2012-09-01,Standard Class,VW-21775
CA-2013-130162,,2013-02-11,Standard Class,JH-15910
CA-2012-169397,,,First Class,JB-15925
CA-2012-163055,2012-09-08,,Standard Class,DS-13180
US-2012-145436,,2012-04-03,Standard Class,VD-21670
US-2011-156216,,,Standard Class,EA-14035
US-2014-100930,2014-08-04,,Standard Class,CS-12400
CA-2014-160514,,,Standard Class,DB-13120
CA-2013-157749,2013-05-06,2013-10-06,Second Class,KL-16645
CA-2011-131926,2011-01-06,2011-06-06,Second Class,DW-13480
CA-2013-154739,2013-11-12,,Second Class,LH-17155
CA-2013-145625,2013-12-09,,Standard Class,KC-16540
CA-2013-146941,2013-11-12,,First Class,DL-13315
US-2012-159982,,2012-04-12,Standard Class,DR-12880
CA-2014-163139,2014-02-12,2014-04-12,Second Class,CC-12670
US-2014-155299,2014-09-06,,Standard Class,Dl-13600
US-2011-106992,,,Second Class,SB-20290
CA-2013-125318,2013-07-06,,Standard Class,RC-19825
CA-2012-155040,2012-10-11,,Standard Class,AH-10210
CA-2014-136826,,,Standard Class,CB-12535
CA-2013-111010,,,Standard Class,PG-18895
US-2014-145366,2014-10-12,,Standard Class,CA-12310
CA-2014-163979,,2015-03-01,Second Class,KH-16690
CA-2012-155334,,,First Class,HA-14920
CA-2014-118136,,,First Class,BB-10990
CA-2014-132976,,,Standard Class,AG-10495
US-2012-161991,,,Second Class,SC-20725
CA-2012-130890,2012-02-11,2012-06-11,Standard Class,JO-15280
CA-2012-130883,,2012-02-10,Standard Class,TB-21520
CA-2013-112697,,,Second Class,AH-10195
CA-2013-110772,,,Second Class,NZ-18565
CA-2011-111451,,,First Class,KL-16555
CA-2013-142545,,2013-04-11,Standard Class,JD-15895
US-2014-152380,,,Standard Class,JH-15910
CA-2012-144253,2012-04-05,2012-09-05,Second Class,AS-10225
CA-2011-130960,,2012-04-01,Standard Class,KB-16600
CA-2011-111003,2011-01-06,2011-06-06,Standard Class,CR-12625
CA-2014-126774,,,First Class,SH-20395
CA-2013-142902,,,Second Class,BP-11185
CA-2011-120887,,2011-03-10,Standard Class,TS-21205
CA-2011-167850,2011-09-08,,Standard Class,AG-10525
CA-2011-164259,,,First Class,SP-20860
CA-2011-164973,2011-04-11,2011-09-11,Standard Class,NM-18445
CA-2011-156601,,,Standard Class,FA-14230
CA-2013-162138,,,Standard Class,GK-14620
CA-2014-153339,2014-04-11,2014-06-11,Second Class,DJ-13510
US-2013-141544,,2013-02-09,First Class,PO-18850
US-2013-150147,,,Second Class,JL-15850
CA-2012-137946,2012-01-09,2012-04-09,Second Class,DB-13615
CA-2011-129924,2011-12-07,,Standard Class,AC-10420
CA-2012-128167,,,Second Class,KL-16645
CA-2011-122336,,,Second Class,JD-15895
US-2012-120712,,,Standard Class,CS-12130
CA-2014-169901,,,Standard Class,CC-12550
CA-2014-134306,2014-09-07,,Standard Class,TD-20995
CA-2013-129714,2013-02-09,2013-04-09,First Class,AB-10060
CA-2013-138520,2013-09-04,,Standard Class,JL-15505
CA-2013-130001,,,Standard Class,HK-14890
CA-2014-155698,2014-09-03,2014-12-03,First Class,VB-21745
CA-2014-144904,,2014-02-10,Standard Class,KW-16435
CA-2011-123344,,,Standard Class,JD-16060
CA-2013-155516,,,Same Day,MK-17905
CA-2014-104745,,2014-05-06,Standard Class,GT-14755
US-2011-119137,,,Standard Class,AG-10900
US-2013-134656,,2013-02-10,First Class,MM-18280
US-2014-134481,,2014-02-09,Standard Class,AR-10405
CA-2012-130792,,2012-05-05,Standard Class,RA-19915
CA-2013-134775,,,First Class,AS-10285
CA-2012-125395,,,Second Class,LA-16780
US-2012-168935,,2012-02-12,Standard Class,DO-13435
CA-2012-122756,2012-03-12,2012-07-12,Standard Class,DK-13225
CA-2011-115973,,,First Class,NG-18430
CA-2014-101798,2014-12-12,,Standard Class,MV-18190
US-2011-135972,,,Second Class,JG-15115
US-2011-134971,2011-07-06,2011-10-06,Second Class,BP-11095
CA-2014-102946,2014-01-07,2014-06-07,Standard Class,VP-21730
CA-2014-165603,,,Second Class,SS-20140
CA-2012-122259,,2012-04-11,Standard Class,HP-14815
CA-2013-108987,2013-09-09,2013-11-09,Second Class,AG-10675
CA-2011-113166,,,First Class,LF-17185
CA-2011-155208,,,Standard Class,SP-20650
CA-2014-117933,,,Standard Class,RF-19840
CA-2014-117457,2014-09-12,,Standard Class,KH-16510
CA-2014-142636,2014-04-11,2014-08-11,Standard Class,KC-16675
CA-2014-122105,,,Standard Class,CJ-12010
CA-2013-148796,,,Standard Class,PB-19150
CA-2014-154816,2014-07-11,2014-11-11,Standard Class,VB-21745
CA-2014-110478,2014-05-03,2014-10-03,Standard Class,SP-20860
CA-2011-142048,,,First Class,JE-15745
CA-2014-125388,,,Standard Class,MP-17965
CA-2014-155705,,,Second Class,NF-18385
CA-2014-149160,,,Second Class,JM-15265
CA-2011-101476,2011-12-09,,First Class,SD-20485
CA-2014-152275,2014-02-10,2014-09-10,Standard Class,KH-16630
US-2013-123750,,,Standard Class,RB-19795
CA-2013-127369,2013-07-06,2013-08-06,First Class,DB-13060
US-2011-150574,,,Standard Class,MK-18160
CA-2013-147375,,,Second Class,PO-19180
CA-2014-130043,,,Standard Class,BB-11545
CA-2014-157252,,,Second Class,CV-12805
CA-2013-115756,2013-06-09,2013-08-09,Second Class,PK-19075
CA-2014-154214,,,Second Class,TB-21595
CA-2013-166674,2013-02-04,2013-04-04,Second Class,RB-19360
CA-2014-147277,,,Standard Class,EB-13705
CA-2013-100153,,,Standard Class,KH-16630
US-2011-110674,,,Standard Class,SC-20095
US-2013-157945,,2013-02-10,Standard Class,NF-18385
CA-2012-109638,,,Standard Class,JH-15985
CA-2013-109869,,,Standard Class,TN-21040
US-2012-101399,,,Standard Class,JS-15940
CA-2014-154907,2014-01-04,2014-05-04,Standard Class,DS-13180
US-2013-100419,,,Second Class,CC-12670
CA-2012-154144,,,Standard Class,MH-17785
CA-2011-144666,2011-09-11,2011-11-11,Second Class,JP-15520
CA-2013-103891,,,Standard Class,KH-16690
CA-2013-152632,,2013-03-11,Standard Class,JE-15475
CA-2013-100790,,2013-03-07,Standard Class,JG-15805
CA-2011-134677,2011-06-10,2011-10-10,Standard Class,XP-21865
CA-2011-127691,,,Standard Class,EM-14065
CA-2014-140963,2014-11-06,,First Class,MT-18070
CA-2011-154627,,,First Class,SA-20830
CA-2011-133753,2011-09-06,,Second Class,CW-11905
CA-2011-113362,,,Standard Class,AJ-10960
CA-2013-169166,2013-10-05,,Standard Class,SS-20590
US-2013-120929,,,Second Class,RO-19780
CA-2012-134782,,,Standard Class,MD-17350
CA-2013-126158,,2013-01-08,Standard Class,SC-20095
US-2013-105578,,2013-05-06,Standard Class,MY-17380
CA-2014-134978,,,Second Class,EB-13705
CA-2012-145352,,,Standard Class,CM-12385
CA-2014-135307,,,First Class,LS-17245
CA-2013-106341,,,First Class,LF-17185
CA-2014-163405,,,Standard Class,BN-11515
CA-2014-127432,,,Standard Class,AD-10180
CA-2012-157812,,,Standard Class,DB-13210
CA-2014-145142,,,First Class,MC-17605
US-2013-139486,,,First Class,LH-17155
CA-2012-158792,,2013-02-01,Standard Class,BD-11605
CA-2014-113558,,,Standard Class,PH-18790
US-2012-138303,2012-03-09,2012-07-09,Standard Class,MG-18145
CA-2012-102848,2012-07-11,2012-09-11,Second Class,KB-16240
US-2014-129441,2014-08-09,2014-12-09,Standard Class,JC-15340
CA-2013-168753,,2013-02-06,Second Class,RL-19615
CA-2013-126613,2013-11-07,,Standard Class,AA-10375
US-2014-122637,2014-04-09,2014-09-09,Second Class,EP-13915
CA-2012-147851,2012-03-12,2012-08-12,Standard Class,MP-17470
CA-2012-134894,2012-07-12,2012-11-12,Standard Class,DK-12985
CA-2011-140795,2011-02-02,2011-04-02,First Class,BD-11500
CA-2013-136924,,,First Class,ES-14080
US-2012-120131,,,Standard Class,LM-17065
CA-2011-103849,2011-11-05,,Standard Class,PG-18895
CA-2014-162929,,,First Class,AS-10135
CA-2012-113173,,,Second Class,DK-13225
CA-2013-136406,,,Second Class,BD-11320
CA-2014-112774,2014-12-09,,First Class,RC-19960
CA-2014-101945,,,Standard Class,GT-14710
CA-2014-100650,,2014-04-07,Second Class,DK-13225
CA-2011-155852,2011-03-03,2011-07-03,Second Class,AJ-10945
CA-2013-113243,2013-11-06,,Standard Class,OT-18730
CA-2014-118731,,,Second Class,LP-17080
CA-2011-145576,,,Second Class,CA-12775
CA-2012-130736,2012-07-12,2012-09-12,First Class,JF-15490
CA-2014-137099,2014-08-12,2014-11-12,First Class,FP-14320
CA-2014-156951,2014-02-10,2014-09-10,Standard Class,EB-13840
CA-2014-164826,,2015-05-01,Standard Class,JF-15415
CA-2013-127250,2013-04-11,2013-08-11,Standard Class,SF-20200
CA-2012-149713,,,Second Class,TG-21640
CA-2014-118640,,,Standard Class,CS-11950
CA-2012-132906,2012-10-09,,Standard Class,CC-12145
CA-2014-145233,2014-02-12,2014-06-12,Standard Class,DV-13465
CA-2012-128139,2012-03-07,2012-09-07,Standard Class,BD-11725
US-2013-156986,,,Standard Class,ZC-21910
CA-2011-135405,2011-10-01,,Standard Class,MS-17830
CA-2011-131450,2011-08-08,,Standard Class,LR-16915
CA-2013-120180,,,First Class,TP-21130
US-2013-100720,,,Standard Class,CK-12205
CA-2011-149958,,,Standard Class,AS-10240
US-2011-105767,,,Standard Class,AR-10510
CA-2013-161816,,2013-02-05,First Class,NB-18655
CA-2013-121223,2013-12-09,,Second Class,GD-14590
CA-2014-138611,,,Second Class,CK-12595
CA-2014-117947,,,Second Class,NG-18355
US-2011-111171,,,Standard Class,CA-12265
CA-2012-138009,,2012-03-12,Standard Class,SF-20965
CA-2014-163020,,,Standard Class,MO-17800
CA-2014-153787,,,Standard Class,AT-10735
CA-2014-133431,,,Standard Class,LC-17140
US-2013-135720,2013-12-12,,Second Class,FM-14380
CA-2014-144694,,,Second Class,BD-11605
CA-2012-168004,2012-04-10,2012-09-10,Second Class,DJ-13420
US-2013-123470,,,Standard Class,ME-17725
CA-2013-115917,,,Standard Class,RB-19465
CA-2013-147067,,,Standard Class,JD-16150
CA-2014-167913,,2014-04-08,Second Class,JL-15835
CA-2014-106103,2014-11-06,,Standard Class,SC-20305
US-2014-127719,,,Standard Class,TW-21025
CA-2014-126221,,2015-06-01,Standard Class,CC-12430
CA-2013-103947,2013-02-04,2013-09-04,Standard Class,BB-10990
CA-2013-160745,2013-12-12,,Second Class,AR-10825
CA-2013-132661,,,Standard Class,SR-20740
CA-2014-140844,,,Standard Class,AR-10405
CA-2013-137239,,,Standard Class,CR-12730
US-2013-156097,,,Same Day,EH-14125
CA-2012-146563,,,Standard Class,CB-12025
CA-2013-123666,,,Standard Class,SP-20545
CA-2013-143308,2013-05-11,2013-05-11,Same Day,RC-19825
CA-2014-132682,2014-09-06,2014-11-06,Second Class,TH-21235
CA-2011-156314,,,First Class,RP-19390
US-2014-106663,2014-10-06,,Standard Class,MO-17800
CA-2014-111178,,,Standard Class,TD-20995
CA-2014-130351,2014-06-12,2014-09-12,First Class,RB-19570
US-2014-119438,,,Standard Class,CD-11980
CA-2013-164511,,,Standard Class,DJ-13630
US-2014-168116,2014-05-11,2014-05-11,Same Day,GT-14635
CA-2011-157784,2011-05-07,2011-08-07,First Class,MC-17845
CA-2014-161480,,,Standard Class,RA-19285
US-2011-117135,,,Second Class,NP-18325
CA-2012-131534,,2012-02-04,Standard Class,AB-10165
CA-2012-119291,,,First Class,JO-15550
CA-2014-114552,2014-03-09,2014-09-09,Standard Class,Dl-13600
CA-2013-163755,2013-05-11,2013-09-11,Second Class,AS-10285
CA-2012-142027,2012-09-04,,Standard Class,JK-15370
CA-2011-138527,2011-12-09,,Standard Class,BN-11470
CA-2011-112158,2011-02-12,2011-04-12,First Class,DP-13165
CA-2011-113887,2011-05-04,2011-07-04,First Class,TH-21550
CA-2014-146136,2014-04-09,2014-08-09,Standard Class,AP-10915
US-2014-100048,,,Standard Class,RS-19765
CA-2011-153150,2011-01-07,2011-06-07,Second Class,Dl-13600
CA-2011-130092,2011-12-01,,First Class,SV-20365
CA-2014-108910,,,Standard Class,KC-16540
CA-2011-104472,2011-02-06,2011-07-06,Standard Class,CK-12325
CA-2013-112942,,,Standard Class,RD-19810
CA-2013-142335,,,Standard Class,MP-17965
CA-2011-117429,2011-07-10,,Standard Class,MR-17545
CA-2013-114713,2013-08-07,,Standard Class,SC-20695
CA-2014-144113,,,Standard Class,JF-15355
US-2013-150861,2013-04-12,2013-07-12,First Class,EG-13900
CA-2014-131954,,,Standard Class,DS-13030
CA-2011-132500,2011-08-09,2011-12-09,Standard Class,GZ-14470
CA-2011-112326,2011-05-01,2011-09-01,Standard Class,PO-19195
US-2013-146710,,2013-02-09,Standard Class,SS-20875
CA-2011-124429,,,Same Day,MH-17785
CA-2013-150889,,,Second Class,PB-19105
CA-2014-126074,2014-03-10,2014-07-10,Standard Class,RF-19735
CA-2013-110499,2013-08-04,2013-10-04,First Class,YC-21895
CA-2012-135272,2012-07-12,2012-12-12,Standard Class,MS-17830
CA-2013-140928,,,Standard Class,NB-18655
CA-2011-106803,,2012-02-01,Standard Class,DC-13285
CA-2014-117240,,,Standard Class,CP-12340
CA-2014-133333,,,Standard Class,BF-11020
CA-2012-112319,,2012-05-09,Standard Class,AR-10510
CA-2014-126046,2014-04-11,2014-08-11,Standard Class,JC-16105
CA-2012-114923,2012-08-02,,Standard Class,LH-17020
CA-2011-162775,,,Second Class,CS-12250
CA-2011-106810,,,Standard Class,AJ-10795
CA-2013-157245,,,Standard Class,LE-16810
CA-2014-104220,,2014-06-02,Standard Class,BV-11245
CA-2011-165974,,2011-06-07,Standard Class,DL-12865
CA-2012-144267,,,First Class,NZ-18565
US-2012-157014,2012-03-10,2012-06-10,Second Class,BM-11785
CA-2012-154921,,,Standard Class,EA-14035
CA-2014-129567,,,Second Class,CL-12565
CA-2012-154620,2012-12-12,,Standard Class,LT-17110
CA-2012-115938,,,Standard Class,SA-20830
CA-2013-105256,,,Same Day,JK-15730
CA-2011-156433,,,Standard Class,ES-14020
CA-2014-151428,,,Standard Class,RH-19495
CA-2012-124653,,,First Class,DB-13120
CA-2012-101910,,2012-03-12,Standard Class,CD-11920
CA-2014-105809,,,First Class,HW-14935
CA-2013-136133,,,Second Class,HW-14935
CA-2013-115504,,,Standard Class,MC-18130
CA-2014-135783,,,First Class,GM-14440
CA-2011-134313,2011-01-11,2011-07-11,Standard Class,RA-19915
CA-2012-140921,2012-03-02,2012-05-02,First Class,AA-10375
CA-2011-151995,,,First Class,ZC-21910
CA-2014-143686,,,Same Day,PJ-19015
CA-2012-106565,,,First Class,BW-11110
CA-2013-149370,,,Standard Class,DB-13210
CA-2011-140858,,2011-02-07,Standard Class,CA-12775
CA-2014-101434,,,Standard Class,TR-21325
US-2011-102071,2011-09-05,,Standard Class,PG-18820
CA-2014-126956,,,Standard Class,GT-14710
CA-2014-129462,,,Second Class,JE-15745
CA-2013-165316,,,Standard Class,JB-15400
US-2011-115987,2011-08-09,,Second Class,LH-17020
US-2014-156083,2014-05-11,2014-12-11,Standard Class,JL-15175
US-2013-137547,2013-08-03,,Standard Class,EB-13705
CA-2012-100454,,,Standard Class,BM-11650
CA-2013-161669,2013-08-11,2013-10-11,First Class,EM-14095
CA-2012-114300,,,Standard Class,AF-10885
CA-2014-107503,2014-02-01,2014-07-01,Standard Class,GA-14725
CA-2011-107755,2011-08-02,,Standard Class,CK-12760
CA-2013-152534,,,Second Class,DP-13105
CA-2013-113747,,2013-05-06,Standard Class,VD-21670
CA-2013-123274,,,Standard Class,GT-14710
CA-2011-125612,2011-03-08,2011-08-08,Standard Class,BK-11260
CA-2014-161984,2014-11-04,,Standard Class,SJ-20125
CA-2011-133851,2011-09-06,,Standard Class,CM-12445
CA-2013-134474,2013-05-01,2013-07-01,Second Class,AJ-10795
CA-2011-149020,2011-11-01,,Standard Class,AJ-10780
CA-2013-134362,,2013-03-10,First Class,LS-16945
CA-2011-136742,2011-06-04,2011-10-04,Standard Class,GP-14740
CA-2013-158099,2013-04-09,2013-06-09,First Class,PK-18910
CA-2012-131128,,,First Class,TB-21520
CA-2011-148488,2011-10-12,,Standard Class,SM-20005
CA-2014-114636,,,Standard Class,GA-14725
CA-2013-116736,,,Standard Class,CC-12430
US-2011-158638,,,Standard Class,AG-10765
CA-2014-111689,2014-01-12,2014-03-12,Second Class,HP-14815
CA-2012-129098,2012-09-10,,Standard Class,DK-13090
US-2014-123463,,,Same Day,GZ-14470
CA-2013-165148,,,First Class,PM-19135
CA-2011-134061,,2011-04-05,Standard Class,LL-16840
CA-2012-143602,,,Second Class,JS-15595
CA-2014-115364,,2014-03-07,Standard Class,OT-18730
CA-2014-150707,,,Standard Class,EL-13735
CA-2011-104976,2011-09-12,,Standard Class,CK-12760
CA-2014-132934,,,Standard Class,JE-15475
CA-2014-133256,,,First Class,TH-21550
CA-2013-105494,2013-11-11,,First Class,PC-18745
CA-2013-140634,2013-04-10,2013-07-10,Second Class,HL-15040
CA-2011-144407,2011-09-09,,Standard Class,MS-17365
CA-2014-160983,,2014-01-11,Second Class,GB-14530
US-2013-114622,2013-11-04,,First Class,JR-16210
CA-2014-150959,2014-12-11,,First Class,TD-20995
CA-2014-132353,,,First Class,DB-13060
CA-2013-130477,2013-09-04,,Standard Class,LC-17140
CA-2014-143259,,2015-04-01,Standard Class,PO-18865
CA-2014-137596,2014-03-09,2014-08-09,Standard Class,BE-11335
CA-2012-133627,,2012-07-06,Standard Class,SC-20050
CA-2014-102519,,,First Class,BM-11650
US-2011-141215,,,Standard Class,KL-16555
CA-2013-165218,2013-06-03,2013-12-03,Standard Class,RW-19630
CA-2011-138296,2011-05-12,2011-12-12,Standard Class,RC-19825
CA-2012-111164,2012-11-04,,Standard Class,SE-20110
CA-2013-149797,,,Standard Class,AH-10075
CA-2011-132962,,,First Class,JM-15535
CA-2012-115091,2012-05-10,2012-09-10,Standard Class,JJ-15760
CA-2014-144932,,,First Class,AB-10165
CA-2014-114216,2014-03-09,2014-07-09,Standard Class,RK-19300
CA-2013-140081,,,Standard Class,CG-12040
US-2014-111745,2014-06-11,2014-07-11,First Class,RA-19885
CA-2012-148250,,,Standard Class,RP-19270
CA-2013-105760,,,First Class,KC-16255
CA-2013-142958,,,Standard Class,RW-19630
CA-2012-120880,,2012-03-06,Standard Class,JL-15850
US-2012-140200,,,First Class,CA-12775
US-2014-110576,,2014-03-12,Standard Class,RB-19795
CA-2014-131156,2014-04-04,2014-08-04,Standard Class,KH-16360
CA-2014-136539,,2015-02-01,Standard Class,GH-14665
CA-2014-119305,2014-01-12,2014-05-12,Standard Class,SW-20275
CA-2014-102414,,,Second Class,JA-15970
CA-2012-112571,,,Same Day,DL-12925
CA-2014-152142,,,Standard Class,LW-16990
CA-2012-160059,,2012-01-12,Standard Class,TB-21190
CA-2013-120859,2013-02-09,2013-05-09,First Class,CV-12805
CA-2011-127488,,,Second Class,MS-17365
CA-2014-135279,2014-10-04,2014-12-04,First Class,BS-11800
CA-2011-115791,,,Second Class,DL-13315
US-2014-103247,2014-06-10,2014-09-10,Second Class,PO-19195
US-2014-100209,2014-10-07,,Standard Class,TD-20995
CA-2014-159366,2014-08-01,2014-11-01,First Class,BW-11110
CA-2013-145499,,2013-01-06,First Class,RW-19690
CA-2012-157035,2012-09-12,2012-12-12,First Class,KB-16600
CA-2013-144939,2013-04-10,2013-09-10,Standard Class,EB-13870
CA-2011-163419,2011-11-11,,Second Class,TZ-21580
CA-2014-100314,,2014-06-10,Standard Class,AS-10630
CA-2012-146829,2012-10-03,2012-10-03,Same Day,TS-21340
CA-2014-167899,,,Standard Class,JG-15805
CA-2012-153549,,,Second Class,SL-20155
CA-2013-110023,2013-10-09,2013-12-09,First Class,TS-21610
CA-2013-105585,,,First Class,RF-19735
CA-2011-117639,,,Standard Class,MW-18235
CA-2012-162537,,2012-03-11,Standard Class,RD-19585
CA-2013-155488,,,Standard Class,FM-14290
CA-2012-124891,,,Same Day,RH-19495
CA-2012-126445,,,Standard Class,RA-19945
CA-2012-111199,,,Standard Class,JK-15730
CA-2012-105312,2012-06-11,2012-09-11,First Class,MT-17815
US-2014-106705,,2015-02-01,Standard Class,PO-18850
CA-2014-135034,2014-02-08,2014-04-08,First Class,AT-10735
CA-2011-158540,,,First Class,VG-21790
CA-2014-118437,,,Second Class,PF-19165
US-2012-126214,,,Second Class,JS-15880
CA-2012-133025,,,Second Class,MO-17800
CA-2012-108665,2012-06-07,2012-10-07,Standard Class,KM-16225
CA-2012-124450,,2012-03-05,Standard Class,GT-14710
CA-2012-167269,,,Standard Class,PB-19150
CA-2014-106964,,,First Class,HR-14770
CA-2013-126529,2013-11-01,,Second Class,DE-13255
CA-2011-163552,2011-11-07,,Standard Class,LA-16780
CA-2013-109820,,,First Class,AG-10390
CA-2013-113061,,,Standard Class,EL-13735
CA-2012-127418,,,First Class,JJ-15445
CA-2014-121818,,,First Class,JH-15430
CA-2013-127670,,,Standard Class,RD-19660
CA-2013-102981,2013-07-09,2013-10-09,Second Class,MO-17500
CA-2014-115651,2014-10-07,,First Class,NS-18640
CA-2014-152702,,,Standard Class,SN-20710
CA-2013-169103,2013-09-03,,Standard Class,ZC-21910
CA-2011-139192,,2011-01-06,Second Class,LC-16885
US-2012-153500,2012-03-07,2012-05-07,First Class,DG-13300
CA-2012-110667,2012-04-04,2012-08-04,Standard Class,NF-18595
CA-2014-167150,2014-11-12,,Standard Class,BP-11185
CA-2013-105284,,2013-02-12,Standard Class,MG-17650
US-2012-125374,,,Standard Class,JD-16060
CA-2012-161263,,,Standard Class,TS-21160
CA-2013-157686,2013-02-10,2013-03-10,First Class,BD-11620
US-2014-139955,,2014-01-10,Second Class,CM-12160
US-2012-150161,,,Standard Class,RB-19795
CA-2012-144652,,,Standard Class,SN-20560
CA-2013-152814,,2013-03-05,Standard Class,EH-14005
CA-2014-106943,,,Standard Class,FO-14305
CA-2013-134348,,,Standard Class,MS-17710
CA-2013-161781,,2013-01-10,First Class,CC-12100
CA-2014-132521,,,Second Class,DW-13540
CA-2012-110016,,2012-04-12,Standard Class,BT-11395
US-2013-143819,2013-02-03,2013-06-03,Standard Class,KD-16270
CA-2013-167584,,,Same Day,LC-16870
CA-2013-166163,,,Second Class,CY-12745
CA-2014-158407,2014-05-06,2014-11-06,Standard Class,LW-16990
CA-2012-143490,2012-06-12,,Standard Class,NP-18325
CA-2012-165085,,,Standard Class,BT-11485
CA-2014-160423,,,Standard Class,PS-19045
CA-2011-159338,,,First Class,NS-18640
CA-2013-107216,,,First Class,PV-18985
US-2014-145863,,,Standard Class,RP-19390
CA-2013-112340,,,Standard Class,NM-18520
US-2013-110156,,,Standard Class,EH-13945
CA-2014-140585,,,Second Class,RA-19915
CA-2013-144855,,,Second Class,DL-13495
CA-2012-142755,2012-04-09,2012-08-09,Standard Class,CS-12355
US-2011-147627,,,Standard Class,HL-15040
CA-2012-105970,2012-02-03,2012-07-03,Standard Class,PA-19060
CA-2013-112102,,,Standard Class,BD-11605
US-2013-114776,2013-07-12,2013-08-12,First Class,GG-14650
US-2013-134908,2013-06-06,2013-10-06,Standard Class,JS-15940
US-2013-148803,2013-12-12,2013-12-12,Same Day,LR-16915
CA-2013-152170,,,Second Class,FH-14275
CA-2011-146969,,2011-03-10,Standard Class,AP-10915
CA-2012-112452,2012-04-04,2012-04-04,Same Day,NC-18340
CA-2012-113971,2012-08-05,,Standard Class,CB-12535
CA-2014-160395,2014-01-01,2014-07-01,Standard Class,KL-16555
CA-2011-136567,,,First Class,PS-19045
CA-2013-149314,2013-03-07,2013-08-07,Second Class,GB-14530
CA-2014-147039,,2014-05-07,Standard Class,AA-10315
CA-2011-126522,2011-01-09,2011-05-09,Second Class,LT-16765
CA-2011-127964,2011-03-03,2011-08-03,Standard Class,AP-10720
CA-2011-117709,2011-04-05,2011-08-05,Standard Class,PM-18940
CA-2012-125416,2012-02-11,2012-02-11,Same Day,KC-16540
CA-2014-145226,2014-09-12,2014-11-12,Second Class,DL-13315
US-2011-100279,2011-10-03,,Standard Class,SW-20275
CA-2011-158064,,,Standard Class,AA-10375
US-2012-104430,,,Standard Class,LT-17110
CA-2012-132080,,,First Class,DP-13105
CA-2013-161207,,2013-04-09,Standard Class,AB-10060
CA-2011-120243,,,Second Class,AT-10435
CA-2013-113621,2013-02-12,2013-06-12,Standard Class,JE-15745
CA-2013-168081,,,Second Class,CA-12055
CA-2011-128146,,,Standard Class,DB-13060
CA-2014-138779,,,First Class,RB-19570
CA-2011-127131,,,Standard Class,HR-14830
CA-2014-117212,,2014-01-03,Second Class,BT-11530
US-2012-130519,,,Same Day,NG-18355
CA-2013-130946,2013-09-04,,Standard Class,ZC-21910
CA-2013-114727,,,Standard Class,LS-16945
CA-2014-133235,2014-02-08,2014-05-08,First Class,LH-16750
CA-2013-137050,,,Second Class,SW-20755
US-2014-118087,2014-10-09,,Standard Class,SP-20620
CA-2011-110184,2011-12-07,,Standard Class,BF-11170
CA-2013-126004,2013-05-12,2013-06-12,First Class,BM-11140
CA-2014-100013,2014-07-11,2014-12-11,Standard Class,ZC-21910
CA-2012-132570,,2012-02-11,Second Class,KT-16480
CA-2013-153682,,2013-02-06,First Class,BG-11695
CA-2013-144344,,,Same Day,PG-18820
CA-2011-127012,2011-11-08,,Standard Class,GM-14680
CA-2013-128727,,2013-05-09,Standard Class,MO-17800
US-2013-162859,,,Standard Class,PG-18820
CA-2014-133641,,,Standard Class,EJ-14155
CA-2011-168494,2011-12-12,,Second Class,NP-18700
CA-2014-115602,,,Standard Class,DJ-13630
CA-2012-154956,2012-04-07,2012-09-07,Standard Class,IM-15070
CA-2014-144638,2014-11-03,,Standard Class,MH-18115
US-2013-168620,,,Second Class,RB-19795
CA-2014-117079,,,Standard Class,JR-15700
US-2013-144393,,2013-05-11,Standard Class,SM-20950
CA-2014-105053,2014-08-07,2014-10-07,Second Class,CS-12355
CA-2013-155992,2013-02-10,2013-03-10,First Class,CC-12220
CA-2014-110380,2014-03-09,2014-08-09,Standard Class,PF-19225
US-2011-167738,,,Standard Class,JC-16105
CA-2014-121412,,,Standard Class,BG-11695
CA-2014-100426,2014-05-06,2014-09-06,Standard Class,DC-12850
US-2013-103646,,,Standard Class,SP-20545
CA-2013-119186,,,Same Day,MS-17710
CA-2013-148698,2013-03-05,2013-08-05,Standard Class,BD-11770
CA-2011-163293,2011-08-09,2011-11-09,First Class,KC-16255
CA-2013-160815,2013-06-09,2013-07-09,First Class,TR-21325
CA-2014-122154,2014-10-04,2014-12-04,First Class,SA-20830
US-2012-149692,2012-06-12,2012-12-12,Standard Class,KW-16435
CA-2013-119445,,2013-04-07,Standard Class,GM-14500
CA-2012-124268,2012-04-07,2012-08-07,Standard Class,AD-10180
CA-2013-154711,,,Standard Class,TB-21355
CA-2013-163384,2013-11-11,,First Class,CC-12430
CA-2012-101707,,2012-01-09,Standard Class,PF-19165
CA-2012-138898,,,Standard Class,JH-16180
CA-2014-115427,,2015-04-01,Standard Class,EB-13975
CA-2013-134425,2013-09-12,,Second Class,QJ-19255
CA-2012-121391,2012-04-10,2012-07-10,First Class,AA-10315
CA-2013-137043,,,Second Class,LC-17140
CA-2012-115847,,,Second Class,TC-21535
US-2014-126179,2014-04-07,2014-08-07,Standard Class,CS-12460
CA-2013-101966,,,Second Class,BM-11785
CA-2013-141397,,,First Class,RC-19825
CA-2013-141082,2013-10-12,,Standard Class,FM-14380
US-2013-134488,,2013-02-10,Standard Class,PK-19075
CA-2013-145919,,,Standard Class,HG-14965
CA-2014-157651,2014-11-12,,Standard Class,HA-14920
CA-2011-160773,2011-01-07,2011-05-07,Standard Class,LW-16825
CA-2014-167703,2014-04-02,2014-09-02,Standard Class,MC-17575
CA-2014-121804,2014-04-03,2014-09-03,Standard Class,LP-17095
CA-2014-162635,2014-10-10,2014-11-10,First Class,EB-14170
CA-2011-107153,,2011-03-10,Standard Class,GZ-14545
US-2011-117058,,,First Class,LE-16810
CA-2012-120439,,,Standard Class,AD-10180
CA-2013-128258,,2013-02-04,First Class,CP-12085
CA-2014-106033,,,Second Class,FG-14260
CA-2013-142762,,,Standard Class,LD-17005
CA-2014-127705,2014-03-06,2014-07-06,Standard Class,AB-10255
CA-2011-122567,,,Standard Class,MN-17935
CA-2011-121664,2011-06-05,2011-10-05,Standard Class,HP-14815
CA-2013-122133,,,Standard Class,JR-15670
US-2014-123281,2014-03-04,2014-08-04,Standard Class,JF-15190
CA-2014-100524,2014-01-04,2014-03-04,Second Class,CM-12115
CA-2014-113481,2014-03-01,2014-05-01,First Class,AS-10045
CA-2012-131758,,2012-01-06,Standard Class,KB-16315
CA-2011-118339,,,Standard Class,BN-11515
CA-2011-153976,2011-03-10,2011-08-10,Second Class,BP-11290
CA-2013-162901,,2013-01-04,First Class,AS-10045
CA-2014-162978,2014-05-05,2014-10-05,Standard Class,LW-16990
US-2011-160444,2011-05-07,2011-05-07,Same Day,DC-12850
CA-2013-145247,2013-06-05,2013-08-05,First Class,ND-18370
CA-2014-160045,,,First Class,LB-16735
US-2011-151925,,2011-01-10,Second Class,KT-16465
CA-2014-125199,,,Standard Class,HM-14860
US-2014-155425,2014-11-11,2014-12-11,First Class,AB-10600
CA-2014-133249,2014-09-07,2014-12-07,First Class,SZ-20035
US-2012-103471,,,Standard Class,JR-15670
CA-2014-136672,2014-08-03,,Standard Class,MG-17890
US-2011-157021,2011-01-04,2011-06-04,Second Class,KM-16720
CA-2012-120362,,,Standard Class,CA-12265
CA-2011-126361,2011-04-08,2011-09-08,Second Class,VD-21670
US-2013-100566,2013-04-09,2013-10-09,Standard Class,JK-16120
US-2013-108504,2013-05-02,2013-05-02,Same Day,PP-18955
CA-2014-124828,2014-04-07,2014-05-07,First Class,YS-21880
US-2014-117247,2014-10-10,,Standard Class,CK-12760
CA-2013-124485,,,First Class,NC-18340
CA-2013-159212,2013-02-11,2013-06-11,Standard Class,KM-16375
US-2013-161396,,,Standard Class,GM-14455
US-2011-118486,2011-06-04,2011-08-04,First Class,SD-20485
CA-2013-130407,2013-03-09,2013-07-09,Standard Class,KD-16270
US-2013-122245,,2013-01-10,Standard Class,AB-10105
CA-2014-105144,2014-05-11,2014-12-11,Standard Class,SZ-20035
CA-2013-136329,2013-10-07,,Standard Class,JD-15895
CA-2011-146640,,2011-05-07,Standard Class,HA-14905
CA-2014-115994,,2014-01-02,Second Class,BT-11305
CA-2012-126697,,,First Class,SV-20815
CA-2012-124800,,,Standard Class,RW-19540
US-2012-164448,,2012-04-11,Second Class,DK-12835
CA-2014-122700,,2014-01-12,Standard Class,LT-17110
CA-2011-120768,,,Second Class,IM-15070
US-2013-153129,,,Standard Class,FP-14320
CA-2014-106852,,,Standard Class,ST-20530
CA-2012-139731,,,Same Day,JE-15745
CA-2014-122735,,,Second Class,BD-11320
CA-2014-128160,,,Second Class,MM-17920
CA-2014-117695,2014-06-08,2014-09-08,First Class,PW-19030
CA-2012-166135,2012-01-10,2012-06-10,Standard Class,SC-20440
CA-2013-133725,,,Standard Class,KL-16645
CA-2014-102337,,,First Class,SD-20485
US-2011-112564,,,First Class,TS-21160
CA-2012-145821,2012-01-05,2012-07-05,Standard Class,JB-15400
US-2012-160150,,,First Class,TS-21085
CA-2013-133711,,,First Class,MC-17425
CA-2014-148474,,,Standard Class,ME-17320
CA-2012-111297,,,Standard Class,SC-20440
CA-2013-123722,,2013-02-10,Standard Class,NH-18610
CA-2011-155271,2011-04-05,2011-04-05,Same Day,AA-10480
CA-2012-119907,2012-01-12,2012-08-12,Standard Class,LC-17140
US-2013-128902,2013-12-03,,Standard Class,MB-18085
CA-2013-152289,,,First Class,LC-16930
US-2013-104794,,,First Class,KD-16495
CA-2011-151708,2011-08-08,,Standard Class,MB-17305
CA-2012-100769,,,Same Day,TH-21550
CA-2014-139199,2014-10-12,,Standard Class,DK-12835
US-2012-161466,,,Second Class,ON-18715
CA-2014-164959,2014-12-07,,Standard Class,KN-16390
US-2012-105676,2012-01-12,2012-02-12,Same Day,NM-18520
CA-2013-113138,,,Standard Class,NP-18685
US-2014-104955,,,Standard Class,CG-12040
CA-2013-121958,,,Standard Class,CS-12505
CA-2014-121468,,,First Class,KD-16345
US-2013-108455,2013-03-12,2013-09-12,Standard Class,MK-18160
CA-2014-101210,,,Second Class,DW-13540
US-2013-108098,,,Standard Class,CP-12340
CA-2011-119032,,2011-03-12,Standard Class,MS-17770
CA-2012-140410,2012-03-11,2012-07-11,Standard Class,CM-12655
CA-2011-136280,,2011-06-12,Standard Class,Co-12640
CA-2014-151911,2014-01-05,2014-06-05,Second Class,DL-13495
CA-2014-166436,,,Standard Class,TS-21370
CA-2014-139661,,2014-04-11,Standard Class,JW-15220
CA-2011-123925,,,Second Class,RF-19840
CA-2014-152485,2014-05-09,2014-09-09,Standard Class,JD-15790
CA-2013-141586,,,First Class,NK-18490
CA-2014-130386,,,Standard Class,NG-18430
CA-2013-100468,,2013-02-12,Standard Class,AT-10435
CA-2012-153388,2012-01-08,2012-07-08,Standard Class,PC-19000
CA-2014-154935,,,Standard Class,AR-10540
CA-2013-134208,,,Standard Class,CS-12505
CA-2014-108294,2014-11-12,2014-11-12,Same Day,LS-16975
CA-2014-103611,,,First Class,JM-15535
CA-2014-100384,,2014-02-07,Standard Class,NH-18610
CA-2014-112809,,,Standard Class,RA-19915
US-2014-160759,2014-12-12,,Standard Class,AI-10855
CA-2014-148446,2014-11-12,,Second Class,MC-17845
CA-2011-111059,2011-04-02,2011-07-02,Second Class,TB-21400
CA-2014-116204,2014-12-02,,Second Class,VW-21775
CA-2014-109946,,,Standard Class,PL-18925
CA-2012-144806,2012-06-12,2012-11-12,Standard Class,GH-14425
CA-2013-122392,,,Standard Class,CJ-12010
CA-2012-148432,2012-07-11,2012-10-11,Second Class,MC-18130
CA-2012-103793,,,Standard Class,BV-11245
CA-2014-159884,2014-01-09,2014-06-09,Standard Class,JF-15490
CA-2013-139885,2013-05-12,2013-09-12,Standard Class,EB-13840
CA-2014-124086,2014-11-02,,Standard Class,MP-18175
CA-2013-112389,,2013-03-11,Standard Class,JM-15655
CA-2014-121888,,,Second Class,CL-11890
CA-2011-166884,2011-11-03,,Second Class,CK-12205
CA-2011-107181,2011-05-02,2011-09-02,Standard Class,DB-13270
CA-2011-150245,,2012-04-01,Second Class,PC-18745
CA-2012-111395,,,Standard Class,VB-21745
CA-2011-134278,2011-06-07,2011-08-07,First Class,EP-13915
US-2014-124926,,,Second Class,ME-17320
CA-2013-159345,,,Standard Class,IG-15085
CA-2011-130274,2011-03-05,2011-05-05,First Class,JS-15940
CA-2014-158386,,,Standard Class,BO-11425
CA-2012-111507,2012-06-02,,Standard Class,VW-21775
CA-2014-120761,2014-05-09,2014-09-09,Standard Class,AB-10150
CA-2013-109176,2013-10-05,,Standard Class,JW-16075
CA-2012-112116,,,Second Class,JE-15475
CA-2013-126809,2013-10-04,,Standard Class,EB-13750
CA-2011-105172,2011-04-04,2011-09-04,Standard Class,PK-18910
CA-2014-107293,2014-06-09,2014-07-09,First Class,CS-12400
US-2014-102890,2014-01-07,2014-01-07,Same Day,SG-20470
CA-2012-158554,2012-09-11,2012-09-11,Same Day,CM-12190
CA-2011-116239,2011-04-03,2011-04-03,Same Day,CL-12565
CA-2012-132101,,,Standard Class,JO-15550
CA-2012-129112,,,First Class,AW-10840
US-2014-152002,2014-12-06,2014-12-06,Same Day,DV-13465
CA-2014-165029,,2014-01-12,Standard Class,AH-10075
US-2011-157385,,,First Class,SC-20095
CA-2011-101602,,,First Class,MC-18100
CA-2013-109057,,,Standard Class,TT-21460
CA-2013-154403,,,Standard Class,AP-10720
CA-2013-102456,,2013-02-03,First Class,DL-12865
CA-2012-131338,2012-09-08,2012-12-08,First Class,NP-18325
CA-2013-109911,,,Standard Class,VG-21805
US-2013-132423,,,Standard Class,MY-18295
CA-2012-122826,,,Second Class,RD-19480
CA-2011-117317,,,Same Day,JF-15490
CA-2012-118423,,,First Class,DP-13390
CA-2014-149181,2014-09-05,,Standard Class,MD-17350
CA-2014-132234,,,First Class,MY-17380
CA-2014-158876,,,Second Class,AB-10150
CA-2013-164672,2013-09-05,,Second Class,GB-14530
US-2013-132857,2013-12-12,,Standard Class,CA-12775
CA-2014-116645,2014-01-12,2014-05-12,Standard Class,ME-17725
US-2013-115819,,,Second Class,JO-15280
CA-2011-156349,,,Standard Class,ML-17395
CA-2014-138380,,,Standard Class,YS-21880
US-2013-113509,,,Standard Class,PL-18925
CA-2012-130022,2012-10-08,,Standard Class,JK-16120
US-2013-118780,2013-11-09,,Second Class,PN-18775
CA-2014-108560,2014-09-07,,Standard Class,JC-15385
CA-2012-157084,,,Standard Class,JG-15160
CA-2012-164539,,,Standard Class,PO-19180
CA-2012-143119,,,Standard Class,MC-17275
CA-2014-101049,,,Second Class,AS-10240
CA-2013-106530,2013-09-05,2013-09-05,Same Day,CL-12565
CA-2011-168984,,2011-02-12,Standard Class,NW-18400
CA-2013-157266,,2013-02-06,Standard Class,TB-21280
US-2011-134712,,2011-04-12,Standard Class,BS-11380
CA-2012-111829,,,First Class,FH-14365
CA-2012-105221,2012-01-11,2012-03-11,First Class,VM-21685
CA-2012-120341,,,Second Class,SF-20200
CA-2011-135699,,,Same Day,HH-15010
US-2014-132444,,,First Class,CD-12280
CA-2011-127159,2011-12-05,,First Class,HL-15040
CA-2014-161809,,,Standard Class,TH-21100
CA-2014-127285,,2014-07-11,Standard Class,MM-18055
CA-2014-144526,2014-01-05,2014-07-05,Standard Class,QJ-19255
CA-2013-128531,,,Second Class,NS-18505
US-2012-157154,2012-10-01,,Standard Class,MM-17920
CA-2014-159457,,,Standard Class,RD-19480
CA-2013-107615,,,First Class,RB-19645
CA-2014-111647,2014-04-07,2014-08-07,Standard Class,RD-19585
CA-2012-150560,2012-11-12,2012-12-12,First Class,SW-20455
CA-2012-143077,,,Standard Class,SF-20965
CA-2013-122728,,,Standard Class,EB-13930
CA-2011-122882,2011-07-09,,Standard Class,SB-20290
US-2013-101497,,2013-02-10,Second Class,PS-18760
CA-2013-147585,2013-08-11,,Standard Class,CB-12535
CA-2014-149489,,,First Class,DK-12835
CA-2014-143798,2014-11-12,,First Class,AW-10840
CA-2011-142839,,,Standard Class,TS-21610
CA-2014-129833,2014-10-12,,Standard Class,HF-14995
US-2013-154361,,,Standard Class,HZ-14950
US-2013-158708,,,Second Class,AB-10255
CA-2012-156335,,,Second Class,PO-19195
CA-2012-148376,,,Standard Class,AG-10900
CA-2011-135657,2011-03-06,2011-07-06,Second Class,SC-20725
CA-2012-114069,,,Second Class,ND-18370
CA-2011-139857,2011-03-02,2011-07-02,Standard Class,CD-12790
CA-2013-106306,2013-09-03,2013-09-03,Same Day,PG-18820
CA-2012-100545,,,Standard Class,IM-15070
CA-2014-123491,,2014-06-11,Standard Class,JK-15205
CA-2012-145401,,2012-04-02,Standard Class,JP-15520
US-2014-124968,2014-09-09,,Second Class,MM-18055
CA-2014-104003,2014-08-10,,Standard Class,DC-13285
CA-2013-154788,2013-01-05,2013-05-05,Standard Class,JL-15835
CA-2013-169943,,,Standard Class,BN-11515
US-2012-123218,,,Standard Class,KD-16345
CA-2012-127453,,,First Class,JK-15370
US-2014-164056,,2014-05-05,Second Class,FM-14215
CA-2013-106894,2013-07-02,2013-07-02,Same Day,CA-12265
CA-2011-125136,,2011-03-10,Standard Class,KD-16495
US-2013-131149,2013-11-07,,Standard Class,LH-17155
CA-2014-101483,,2014-02-08,Second Class,AG-10675
CA-2012-130204,2012-03-09,2012-09-09,Standard Class,DB-13120
CA-2011-110527,2011-09-08,,Standard Class,ED-13885
CA-2014-152807,,2014-04-11,Standard Class,MC-18100
CA-2011-133270,2011-06-06,2011-09-06,First Class,BM-11785
CA-2013-155670,,,Second Class,EM-14065
US-2011-157406,,,Standard Class,DA-13450
CA-2012-139094,,,Standard Class,MO-17800
CA-2014-168837,,,First Class,JW-15955
CA-2014-116715,2014-03-12,2014-06-12,First Class,VW-21775
CA-2012-135622,2012-08-12,2012-11-12,Second Class,TT-21460
US-2012-107349,,,First Class,SL-20155
CA-2011-139017,2011-11-05,,Standard Class,RM-19375
CA-2011-141817,2011-06-01,,Standard Class,MB-18085
CA-2012-130785,2012-05-09,2012-09-09,Standard Class,AG-10900
CA-2013-110254,2013-05-08,2013-09-08,Standard Class,ML-17755
US-2011-158057,,,Standard Class,CC-12685
CA-2014-146024,2014-03-03,2014-09-03,Standard Class,SC-20770
CA-2013-129686,,,Second Class,GG-14650
CA-2011-118976,,2011-03-05,Standard Class,MY-18295
CA-2012-105347,,,Standard Class,DP-13000
CA-2013-124667,2013-12-11,,Standard Class,BD-11770
CA-2012-111094,2012-09-07,,Standard Class,CB-12535
CA-2014-166317,,,Standard Class,JE-15610
CA-2012-154326,,,Standard Class,RP-19855
CA-2011-102008,,2011-04-10,Standard Class,RA-19915
CA-2011-120474,2011-01-12,2011-03-12,First Class,RP-19390
CA-2011-104773,2011-08-12,,Standard Class,TB-21175
CA-2013-140774,2013-06-09,2013-11-09,Standard Class,BE-11455
US-2014-139465,,,First Class,MR-17545
CA-2013-100965,2013-08-07,2013-12-07,Standard Class,RM-19375
CA-2013-121034,2013-09-08,2013-11-08,Second Class,JF-15565
CA-2013-149461,,,Standard Class,AS-10135
CA-2014-158379,,,Second Class,JA-15970
US-2013-116729,,,First Class,GK-14620
CA-2013-164938,2013-11-02,,First Class,PB-19210
CA-2013-165484,,,Standard Class,HK-14890
CA-2011-132612,2011-09-06,2011-11-06,Second Class,FO-14305
US-2014-161193,,,Standard Class,BT-11680
CA-2012-131597,,,Standard Class,SP-20620
CA-2012-164833,2012-04-06,2012-04-06,Same Day,LL-16840
CA-2012-125423,,,Second Class,MC-17575
US-2011-130379,,,Standard Class,JL-15235
CA-2013-168956,,,Standard Class,EA-14035
CA-2013-167507,,,Standard Class,SA-20830
CA-2013-109344,2013-08-02,2013-11-02,Second Class,CH-12070
US-2012-140851,,,Second Class,ND-18460
CA-2011-103373,,,Standard Class,BS-11755
CA-2014-145884,,,Same Day,SL-20155
CA-2012-131422,2012-05-11,2012-09-11,Standard Class,GB-14530
CA-2014-162691,2014-02-08,2014-08-08,Standard Class,AS-10045
CA-2011-141278,,,First Class,RM-19375
CA-2014-122693,,,Second Class,NH-18610
CA-2011-117345,2011-01-08,2011-05-08,Standard Class,BF-10975
CA-2013-157763,,,Standard Class,KH-16330
CA-2012-135391,2012-09-02,2012-11-02,Second Class,FA-14230
US-2014-113852,,2014-03-08,Standard Class,GW-14605
US-2014-158512,,,Second Class,DA-13450
CA-2014-128370,2014-11-09,2014-11-09,Same Day,FH-14275
CA-2012-160472,,,Second Class,RK-19300
CA-2011-114643,,,Standard Class,FM-14215
US-2014-158218,,,Second Class,AC-10420
CA-2012-121608,2012-03-09,2012-05-09,First Class,JB-15400
US-2014-121251,,,First Class,GM-14440
CA-2011-151078,2011-12-11,2011-12-11,Same Day,RF-19840
US-2013-100839,,,Standard Class,NC-18625
US-2014-116659,,,Same Day,NG-18355
CA-2014-118857,,,First Class,AH-10075
CA-2012-127110,,2012-01-07,Standard Class,CH-12070
CA-2013-148201,,,Second Class,CC-12145
CA-2011-116932,,,Standard Class,ME-18010
CA-2014-142888,,,Standard Class,BP-11230
CA-2011-147914,2011-04-06,2011-09-06,Standard Class,MP-17470
US-2013-112977,2013-11-03,,Standard Class,CJ-12010
CA-2014-112039,,,Standard Class,JC-15775
CA-2014-118885,,2015-03-01,Standard Class,JG-15160
US-2014-166611,,2014-03-04,Standard Class,CK-12760
CA-2012-109512,2012-05-03,2012-05-03,Same Day,LF-17185
CA-2013-118570,,,Standard Class,CC-12430
CA-2014-154718,,,Second Class,DL-12865
CA-2013-147578,,,Second Class,PG-18895
CA-2011-140165,,,First Class,EH-14005
CA-2011-142587,,,First Class,TB-21520
CA-2011-157623,,,Standard Class,DK-13225
CA-2014-145310,,,Second Class,JP-15520
CA-2013-100083,,,Standard Class,CD-11980
US-2014-108063,2014-03-12,2014-06-12,First Class,AS-10090
CA-2012-109197,,2013-04-01,Standard Class,JO-15280
CA-2014-141789,2014-04-10,2014-07-10,First Class,AC-10450
CA-2011-169775,,2011-02-09,Second Class,RA-19945
CA-2013-140543,,2013-04-07,Second Class,Co-12640
CA-2013-151141,,,First Class,DW-13480
CA-2014-167094,,,First Class,DK-12835
CA-2014-154410,,,First Class,MD-17860
US-2013-150567,,,Standard Class,RP-19855
CA-2012-157959,2012-03-02,2012-04-02,First Class,RW-19540
CA-2014-105886,,,Standard Class,DB-13660
CA-2013-105963,,,Standard Class,SC-20770
CA-2014-121503,2014-04-07,2014-07-07,Second Class,FH-14275
CA-2011-103366,,,First Class,EH-13990
CA-2014-124597,2014-01-05,2014-06-05,Standard Class,AS-10630
CA-2012-105634,2012-08-11,,Standard Class,HA-14905
CA-2012-123673,,2012-01-11,Second Class,CH-12070
US-2014-111423,,,First Class,EH-13765
CA-2012-125178,2012-03-10,2012-09-10,Standard Class,MZ-17515
CA-2013-156685,2013-09-07,2013-11-07,Second Class,SC-20230
CA-2014-126865,2014-06-12,2014-08-12,Second Class,NP-18325
CA-2014-102834,2014-10-03,,Standard Class,LW-16990
US-2013-139710,2013-10-06,,Standard Class,GM-14680
CA-2014-121538,,2014-02-12,First Class,RH-19495
US-2014-101539,,,Second Class,VM-21685
CA-2013-152121,,,Second Class,CC-12670
CA-2014-161200,2014-07-08,2014-11-08,Second Class,SV-20365
CA-2014-101245,,2014-04-12,Standard Class,LW-16990
CA-2012-141768,,,Second Class,NP-18685
CA-2013-112109,2013-09-07,,Standard Class,JE-15715
CA-2014-144064,,2014-02-09,First Class,CP-12085
CA-2013-108581,,,Standard Class,EA-14035
CA-2014-157987,2014-03-09,2014-07-09,Standard Class,AC-10615
CA-2014-110905,2014-11-09,,Second Class,RW-19690
CA-2014-165841,,,Standard Class,DB-13210
CA-2014-117485,,,Standard Class,BD-11320
CA-2014-140242,2014-07-05,2014-12-05,Standard Class,ML-17755
CA-2011-148950,,,Standard Class,JD-16015
CA-2011-110408,,,Second Class,AS-10225
CA-2012-109939,2012-08-05,2012-12-05,Standard Class,AA-10375
CA-2013-112669,,,Same Day,KT-16465
CA-2012-119592,,,Second Class,MM-18280
CA-2011-122749,2011-03-12,2011-09-12,Standard Class,NG-18430
CA-2011-164721,,,Second Class,LW-16825
CA-2013-147417,,,First Class,CB-12415
CA-2012-127509,2012-09-11,,Standard Class,AS-10090
CA-2014-111374,,2014-01-03,Standard Class,CB-12415
CA-2014-133648,,2014-03-07,Standard Class,ML-17755
US-2014-147221,2014-03-12,2014-05-12,Second Class,JS-16030
CA-2011-131905,2011-07-02,2011-10-02,First Class,ND-18460
CA-2014-166128,2014-12-04,,Standard Class,LW-17215
CA-2014-163510,,,Second Class,JW-15955
US-2014-143028,2014-12-04,,Standard Class,SC-20050
CA-2011-111150,,2012-04-01,Standard Class,RW-19630
CA-2014-165386,2014-04-08,2014-05-08,First Class,CM-12190
CA-2011-116407,,,Standard Class,JF-15190
CA-2012-155761,2012-11-12,2012-11-12,Same Day,SC-20800
CA-2013-145905,,,Standard Class,AM-10705
CA-2012-113110,,,Standard Class,BK-11260
CA-2013-168354,,,First Class,RH-19510
US-2014-111241,,,Second Class,GM-14500
CA-2012-114237,,,First Class,MC-17275
CA-2013-113516,2013-09-09,2013-11-09,Second Class,VM-21685
CA-2012-117961,,,Standard Class,GP-14740
CA-2013-128923,2013-10-12,,Standard Class,GB-14530
CA-2014-162481,,,Standard Class,CT-11995
CA-2012-119214,,,Standard Class,CW-11905
CA-2012-122287,,,Standard Class,SN-20560
CA-2012-104493,2012-02-10,2012-08-10,Standard Class,EB-13705
US-2014-158946,,,Standard Class,JW-15220
CA-2011-129168,,,Standard Class,KB-16585
CA-2013-131835,,,Standard Class,MC-17590
CA-2012-142237,2012-11-07,,First Class,CK-12595
CA-2013-136434,2013-02-12,2013-08-12,Standard Class,RD-19480
CA-2014-120376,,,First Class,TP-21130
CA-2011-106439,,2011-04-11,Standard Class,GG-14650
CA-2012-133452,,,Standard Class,ZC-21910
CA-2013-146521,,,Second Class,CC-12610
US-2014-110996,,,Standard Class,KA-16525
CA-2013-129693,,2013-03-12,Standard Class,TC-20980
CA-2014-122504,2014-08-11,,Second Class,DB-13270
CA-2011-131051,2011-01-12,2011-05-12,Standard Class,TR-21325
CA-2014-140676,,,First Class,BF-11080
CA-2012-120103,,,Standard Class,MS-17365
CA-2014-104647,,2014-02-03,Standard Class,CK-12595
CA-2011-110352,,,Standard Class,ED-13885
CA-2013-140501,,,Standard Class,IM-15070
CA-2012-139290,,,Standard Class,MY-17380
CA-2014-166142,,,Standard Class,MM-17260
CA-2011-145926,,,Standard Class,MP-17470
CA-2012-149678,,,Second Class,AW-10840
US-2012-164357,,,Standard Class,SF-20065
US-2013-146570,,,Standard Class,SN-20710
CA-2014-124401,2014-08-09,,Standard Class,RD-19900
US-2011-140116,2011-10-03,,Standard Class,KT-16480
CA-2011-123295,,,Same Day,AH-10120
CA-2014-167101,,,Second Class,BM-11650
US-2011-167633,,2011-05-10,Standard Class,BW-11200
US-2011-152723,,,Same Day,HG-14965
CA-2012-164882,,,Same Day,SG-20080
CA-2012-159786,2012-12-10,,Second Class,RK-19300
CA-2013-130267,,,Standard Class,SW-20245
CA-2014-155460,,,First Class,RW-19630
US-2014-168690,2014-08-01,,Standard Class,TS-21085
CA-2014-158246,2014-10-11,2014-12-11,First Class,JB-15400
CA-2014-167381,,,Second Class,EH-14005
CA-2014-144862,2014-02-12,2014-06-12,Standard Class,EH-14005
CA-2011-126032,,,Standard Class,BS-11665
CA-2012-134859,2012-04-10,2012-09-10,Standard Class,JK-16120
US-2011-114188,,,Second Class,RF-19345
CA-2012-156524,,,Standard Class,DL-12865
CA-2012-122210,,2012-04-12,Standard Class,WB-21850
CA-2012-156377,,2013-05-01,Standard Class,TB-21625
US-2014-157896,,,Same Day,CB-12415
CA-2011-159520,2011-06-06,2011-11-06,Standard Class,GT-14635
CA-2013-155481,2013-02-09,2013-06-09,Standard Class,DK-13225
US-2013-152051,,,Standard Class,TS-21160
CA-2011-141607,2011-12-12,,Standard Class,WB-21850
CA-2014-102771,2014-01-04,2014-06-04,Standard Class,DO-13435
US-2014-139969,,,Standard Class,AF-10870
CA-2011-167360,,,Second Class,RB-19435
CA-2012-123505,,,Standard Class,AR-10540
CA-2013-117282,,,Standard Class,DR-12880
US-2013-120460,2013-01-05,2013-06-05,Standard Class,BF-11170
CA-2013-111115,,,Second Class,LB-16735
CA-2011-124646,,,First Class,DV-13465
CA-2014-148166,,,Standard Class,NK-18490
CA-2013-159737,2013-04-09,2013-10-09,Standard Class,CS-11950
CA-2013-141019,,,Same Day,LH-17155
CA-2013-101938,2013-07-01,2013-12-01,Standard Class,DW-13480
CA-2014-166296,,,Standard Class,KF-16285
CA-2013-154018,,,Standard Class,HA-14920
CA-2014-117870,,,Second Class,JH-15820
US-2014-137491,,,Standard Class,LC-16930
CA-2011-152296,2011-01-08,2011-03-08,First Class,IL-15100
CA-2013-112025,,2013-05-08,Standard Class,LS-16975
CA-2012-132507,,2012-03-08,Second Class,CC-12610
CA-2013-125738,,,Standard Class,PB-18805
CA-2013-128818,2013-08-05,2013-12-05,Standard Class,CJ-12010
CA-2014-124576,2014-02-08,2014-05-08,Second Class,HK-14890
CA-2013-101378,,,Same Day,RH-19600
CA-2014-143063,2014-11-08,,Standard Class,IL-15100
CA-2013-118913,,,Standard Class,AS-10240
CA-2013-128412,2013-11-12,,Standard Class,AP-10915
CA-2013-136483,2013-02-12,2013-07-12,Standard Class,AG-10390
CA-2011-163013,,2011-04-12,Standard Class,BF-11080
CA-2012-135363,,2012-02-04,Standard Class,CK-12205
US-2011-165659,2011-01-06,2011-06-06,Standard Class,LT-17110
CA-2012-138002,2012-06-09,2012-12-09,Standard Class,BT-11305
CA-2012-128860,,2012-05-07,Standard Class,SC-20725
CA-2013-164350,2013-11-09,,Second Class,CG-12040
US-2011-103905,,,Standard Class,AW-10930
CA-2012-129854,,,Standard Class,RB-19705
CA-2011-125556,,,Second Class,ML-17410
CA-2013-162313,,2013-01-12,First Class,VB-21745
CA-2014-107874,,,Standard Class,SW-20275
CA-2014-129378,2014-02-10,2014-03-10,First Class,NS-18505
CA-2011-151953,,,Standard Class,DB-13555
CA-2014-130841,,2014-02-08,Standard Class,MH-17620
CA-2012-131884,2012-06-12,2012-06-12,Same Day,DK-13375
CA-2014-121909,2014-01-08,2014-06-08,Standard Class,EA-14035
CA-2013-106383,,,Second Class,BT-11440
CA-2014-130771,,2014-04-08,Standard Class,LA-16780
CA-2013-139157,2013-02-10,2013-06-10,Standard Class,GM-14680
CA-2011-128055,,2011-05-04,Standard Class,AA-10315
CA-2014-157091,,2014-02-07,Standard Class,DB-13405
CA-2014-132122,2014-10-07,,Standard Class,JH-15820
CA-2012-123232,,,Second Class,DJ-13630
CA-2014-104066,2014-06-12,2014-11-12,Standard Class,QJ-19255
CA-2012-145849,,,Second Class,CT-11995
CA-2013-122322,,,Standard Class,RH-19510
CA-2014-166849,,,Standard Class,SJ-20125
CA-2013-146633,,,Second Class,TG-21310
US-2013-126893,,2013-02-12,Standard Class,CT-11995
CA-2014-103380,,,Standard Class,BF-11005
CA-2012-116092,,,Second Class,JM-16195
CA-2013-117849,,,Second Class,JK-16120
CA-2012-169201,,2012-01-10,First Class,HG-14965
CA-2013-164091,,,Standard Class,LA-16780
CA-2014-105214,,,First Class,TS-21610
CA-2012-117611,2012-08-11,2012-10-11,Second Class,MZ-17335
US-2012-137960,,,Same Day,MW-18220
CA-2014-122994,2014-07-02,2014-10-02,First Class,MV-17485
CA-2013-131065,,,Second Class,AA-10375
CA-2014-149146,,,Same Day,SM-20320
CA-2014-137470,,,Same Day,TP-21415
CA-2014-105480,,,Standard Class,DK-13225
CA-2014-164917,2014-03-12,2014-08-12,Standard Class,MK-17905
CA-2012-102036,,,Standard Class,CS-12130
CA-2012-142944,2012-06-03,2012-11-03,Standard Class,JL-15850
CA-2011-157882,2011-03-10,2011-08-10,Second Class,AR-10405
CA-2011-104283,,2011-01-07,Standard Class,LM-17065
CA-2014-142622,,2014-03-11,First Class,JK-15625
CA-2013-132143,2013-04-09,2013-06-09,First Class,FM-14215
CA-2012-153108,2012-05-03,2012-09-03,Standard Class,SF-20200
CA-2013-112676,2013-06-05,2013-09-05,First Class,PJ-18835
CA-2014-165687,,,Standard Class,CS-12355
US-2014-112928,2014-02-06,2014-06-06,Second Class,BB-10990
CA-2014-143343,2014-11-06,,First Class,BW-11200
CA-2014-115154,2014-09-01,2014-12-01,First Class,RS-19420
CA-2012-149342,,,Standard Class,TS-21160
CA-2012-130995,2012-01-11,2012-06-11,Standard Class,QJ-19255
CA-2014-127929,,,Standard Class,FM-14215
CA-2012-113145,2012-01-11,2012-05-11,Standard Class,VD-21670
CA-2011-162362,,,Standard Class,JL-15505
CA-2013-106558,,,Standard Class,DL-13495
CA-2014-157931,,,Second Class,MO-17800
CA-2013-115574,,,First Class,BP-11185
CA-2012-160794,2012-06-08,2012-08-08,First Class,MS-17980
CA-2014-116225,2014-06-11,2014-10-11,Standard Class,SV-20935
US-2014-120418,2014-12-06,,First Class,BC-11125
CA-2014-122035,,,Standard Class,EM-13825
CA-2012-117828,,,First Class,BD-11500
CA-2014-165491,,,Standard Class,HW-14935
CA-2012-109470,,2013-03-01,Second Class,KC-16255
CA-2012-105102,,,Second Class,BM-11575
CA-2014-138422,,,First Class,KN-16705
US-2012-147739,,,Standard Class,JD-16150
CA-2013-155187,,,Second Class,LA-16780
CA-2014-169285,,,Standard Class,RW-19690
CA-2011-140886,,2011-04-10,Standard Class,KW-16570
CA-2014-152695,2014-11-12,2014-11-12,Same Day,CC-12220
CA-2011-110639,,,Same Day,RH-19495
CA-2011-121727,,,Standard Class,JK-15625
CA-2013-137736,2013-11-11,,Standard Class,DC-13285
US-2011-143231,,2012-03-01,First Class,GM-14455
US-2011-155894,,,Second Class,CL-11890
CA-2013-119025,,,Standard Class,PV-18985
CA-2013-159373,,,Standard Class,LT-17110
CA-2014-109701,2014-03-12,2014-04-12,Same Day,AM-10360
CA-2012-111514,,2012-02-09,First Class,SC-20260
US-2011-148838,,,Standard Class,CP-12340
CA-2014-136497,,,Standard Class,RF-19840
US-2013-108637,,,Standard Class,AB-10060
CA-2011-102295,,,Second Class,EH-13990
CA-2014-123659,2014-11-02,,First Class,MN-17935
US-2013-129469,,,Standard Class,KL-16555
CA-2014-155152,2014-08-07,2014-10-07,Second Class,MP-17965
CA-2013-159940,2013-08-07,2013-12-07,Second Class,BF-11020
CA-2014-119669,,,Standard Class,TP-21130
US-2011-164616,,,Second Class,MS-17770
CA-2012-148628,2012-06-12,2012-11-12,Standard Class,KM-16375
CA-2013-118052,2013-07-05,2013-11-05,Standard Class,BE-11455
US-2014-117534,,,First Class,CV-12295
CA-2012-145065,2012-12-12,,First Class,DK-13375
US-2012-127040,2012-06-12,2012-10-12,Standard Class,SG-20605
CA-2013-128111,,,Standard Class,CS-12355
CA-2012-137897,,,Standard Class,PJ-18835
CA-2014-169264,,,Second Class,NP-18700
CA-2014-147361,2014-10-09,,Standard Class,SB-20290
CA-2014-145877,2014-02-04,2014-05-04,Second Class,AS-10090
US-2013-110170,,2013-04-10,Standard Class,HM-14860
CA-2014-108574,2014-08-10,2014-12-10,Standard Class,MG-18145
CA-2014-144589,,,Standard Class,TM-21010
CA-2014-155985,,,First Class,BE-11335
CA-2011-162684,2011-01-08,2011-06-08,Standard Class,AS-10630
CA-2012-142041,2012-07-06,2012-09-06,Second Class,EM-13810
CA-2011-151295,2011-12-11,,Standard Class,JA-15970
CA-2013-156300,,2014-03-01,Standard Class,TB-21595
CA-2012-146087,2012-06-07,2012-11-07,Standard Class,PP-18955
CA-2014-168655,,,Standard Class,ML-18040
CA-2013-107202,,,Standard Class,LC-16930
CA-2014-159597,2014-10-11,,Standard Class,MC-17590
CA-2013-155551,,,Standard Class,CR-12580
US-2014-147669,,,Standard Class,SV-20935
CA-2013-169922,2013-12-06,,Standard Class,MZ-17515
CA-2014-100748,,,Standard Class,RB-19795
CA-2014-129805,,2015-03-01,Standard Class,HM-14860
CA-2011-148586,,2011-01-04,Standard Class,AZ-10750
US-2014-112613,,2014-02-06,Standard Class,JH-15910
CA-2012-154746,,,First Class,PJ-18835
CA-2014-140053,2014-04-07,2014-11-07,Standard Class,CA-12265
CA-2011-164210,,,Second Class,PW-19240
CA-2014-139948,,,Standard Class,SW-20455
CA-2013-146934,,,Standard Class,AF-10870
CA-2012-100573,,2012-01-10,Standard Class,AM-10705
CA-2013-119165,2013-01-11,2013-07-11,Standard Class,BD-11320
CA-2012-128027,,,Second Class,CM-12385
CA-2013-140207,2013-06-11,2013-11-11,Standard Class,CS-12400
CA-2014-140949,,,Second Class,DB-13405
CA-2014-138548,,,Standard Class,JG-15160
CA-2012-142419,2012-11-07,,Second Class,SC-20380
CA-2014-148691,2014-04-12,2014-10-12,Standard Class,CS-12460
CA-2014-128755,2014-05-05,2014-09-05,Standard Class,MK-18160
US-2013-135923,,,Standard Class,CM-11935
CA-2013-114972,2013-04-11,2013-07-11,First Class,PF-19225
CA-2014-102750,2014-05-09,2014-09-09,Second Class,GM-14695
CA-2011-145212,,,Standard Class,DC-12850
CA-2014-141992,,,Standard Class,FO-14305
CA-2014-147956,,2015-01-01,Standard Class,AH-10210
CA-2014-126067,,2014-04-09,Standard Class,KN-16705
CA-2012-104514,2012-02-01,2012-04-01,Second Class,CB-12535
CA-2012-141040,2012-09-10,,Second Class,TB-21250
CA-2011-113579,,,Second Class,KD-16345
CA-2011-144624,,,Standard Class,JM-15865
CA-2013-146206,2013-11-09,,Second Class,KT-16480
CA-2011-136644,,,Standard Class,SC-20575
CA-2012-122371,,2012-01-10,Standard Class,BS-11800
CA-2013-126935,,,Standard Class,BT-11395
US-2014-133781,,,First Class,DC-12850
CA-2014-131618,,,First Class,LS-17200
CA-2013-149482,,,Standard Class,RR-19315
CA-2011-143917,,,Second Class,KL-16645
CA-2012-120397,2012-02-07,2012-02-07,Same Day,RB-19435
CA-2014-163902,2014-03-03,2014-09-03,Standard Class,MY-17380
CA-2013-136812,,,Standard Class,AW-10930
CA-2012-102722,,,First Class,KW-16570
CA-2014-155089,2014-03-12,2014-07-12,Standard Class,DB-12910
CA-2013-124506,2013-12-11,,Standard Class,BB-11545
CA-2011-106572,2011-05-09,2011-10-09,Standard Class,NP-18700
CA-2011-128888,,,Standard Class,PB-19105
CA-2014-123134,2014-03-05,2014-08-05,Standard Class,DW-13585
CA-2013-124352,,,Standard Class,CD-12790
CA-2012-124541,2012-06-04,2012-10-04,Standard Class,TT-21220
CA-2011-108707,,,Standard Class,DB-12910
CA-2011-111500,,,Standard Class,DJ-13510
US-2014-117723,,,Second Class,DL-13495
CA-2012-143238,2012-06-09,2012-08-09,First Class,LO-17170
CA-2012-168746,,,Second Class,SV-20365
CA-2012-113404,,,Same Day,EM-13810
CA-2013-144792,2013-01-05,2013-05-05,Standard Class,KD-16615
CA-2011-164385,,2011-01-10,Second Class,NB-18580
US-2013-114174,2013-09-09,,Standard Class,AP-10720
CA-2014-108070,,,Standard Class,JE-15745
US-2012-128090,,,Standard Class,JM-15865
CA-2014-101042,,,Standard Class,AB-10105
CA-2013-155439,,,Standard Class,PN-18775
CA-2013-118626,,,Standard Class,JC-15775
CA-2012-111458,,,Standard Class,PF-19165
US-2013-126844,2013-09-10,,Standard Class,BW-11110
US-2012-112508,,,Standard Class,BP-11185
CA-2012-147788,,2012-04-06,Standard Class,TM-21010
CA-2012-144288,,,Standard Class,MB-17305
CA-2012-110632,,,Second Class,HR-14830
CA-2014-109589,,,First Class,BD-11635
CA-2014-123967,2014-02-11,2014-04-11,Second Class,SF-20200
CA-2014-148929,2014-08-09,2014-12-09,Standard Class,SP-20620
CA-2014-134404,,,Same Day,DR-12880
CA-2014-109778,,,Standard Class,VM-21685
CA-2013-155845,,,Second Class,CM-12235
CA-2014-145128,2014-10-07,,Standard Class,SM-20320
CA-2011-129091,,,Standard Class,RA-19885
US-2011-155502,,2011-01-02,Standard Class,SD-20485
CA-2012-121041,2012-03-11,2012-10-11,Standard Class,CS-12250
CA-2014-131695,2014-01-07,2014-07-07,Standard Class,RA-19285
CA-2013-137729,2013-06-05,2013-10-05,Standard Class,BF-11005
US-2013-115455,2013-09-09,,Standard Class,SE-20110
CA-2014-128300,,,Second Class,RS-19765
CA-2014-149048,,,Standard Class,BM-11650
CA-2014-108553,,,Standard Class,SK-19990
CA-2013-165848,2013-05-06,2013-05-06,Same Day,EN-13780
CA-2011-112718,,,Standard Class,KN-16450
CA-2013-154053,2013-05-03,2013-11-03,Standard Class,MG-17890
CA-2011-127446,,,Standard Class,MC-17590
CA-2013-137204,,2013-06-05,Standard Class,BO-11350
CA-2011-147298,,2011-03-05,Standard Class,AG-10300
CA-2014-147942,2014-02-04,2014-06-04,Standard Class,MS-17365
CA-2014-115931,,,Standard Class,JM-15655
CA-2011-164861,2011-03-12,2011-06-12,Second Class,MC-17635
CA-2014-127180,,,First Class,TA-21385
US-2014-165344,,,First Class,SB-20290
CA-2012-168186,2012-10-09,,Standard Class,AB-10150
US-2014-110604,,,Standard Class,JF-15295
CA-2012-116750,2012-05-07,2012-10-07,Second Class,BF-10975
CA-2012-162369,,,Standard Class,TT-21265
CA-2014-108441,,,Standard Class,SB-20170
CA-2012-169740,,,Standard Class,LM-17065
CA-2013-124051,,,First Class,KA-16525
CA-2013-149111,,,Second Class,BF-11170
CA-2011-131002,2011-07-09,2011-12-09,Second Class,TB-21400
US-2013-146794,,2013-02-10,Standard Class,SH-19975
CA-2014-112515,,,Second Class,AS-10225
CA-2013-150343,,,Standard Class,PK-19075
CA-2012-135538,,,Standard Class,HR-14830
CA-2014-123372,,2014-03-12,Standard Class,DG-13300
CA-2014-159604,,,First Class,CL-12700
CA-2013-164784,2013-02-05,2013-05-05,First Class,HF-14995
CA-2013-111794,2013-02-10,2013-02-10,Same Day,HG-15025
US-2012-139759,,,Standard Class,NL-18310
CA-2011-126403,2011-09-09,2011-12-09,Second Class,RR-19525
CA-2014-136875,2014-04-12,2014-04-12,Same Day,TC-21295
CA-2014-132185,,2014-03-12,Standard Class,DB-13615
US-2011-160780,,,Same Day,SV-20785
CA-2014-127026,,,Standard Class,MH-18115
CA-2014-137085,,2014-07-07,Standard Class,CT-11995
CA-2013-133123,2013-07-09,2013-12-09,Standard Class,KB-16315
US-2013-128195,2013-05-08,2013-06-08,First Class,RA-19285
CA-2012-153220,2012-12-11,,First Class,YC-21895
CA-2011-123064,,2011-02-07,First Class,RA-19915
CA-2014-156412,2014-05-12,2014-09-12,Standard Class,CM-12160
US-2013-144211,,2013-03-09,Standard Class,CS-12130
CA-2013-138079,,,Standard Class,AJ-10795
CA-2011-143182,,,Standard Class,DL-12865
CA-2013-161662,2013-07-02,2013-09-02,First Class,BE-11410
CA-2011-145317,,,Standard Class,SM-20320
CA-2011-143413,,,Standard Class,RP-19390
CA-2014-156818,2014-12-07,,Second Class,JD-16015
CA-2014-155873,,,Standard Class,AB-10255
CA-2012-121797,,2012-06-02,Standard Class,CC-12145
US-2012-120572,2012-11-12,,Standard Class,GH-14425
CA-2014-132430,2014-10-10,2014-12-10,First Class,CP-12085
CA-2014-146031,,2014-02-08,Second Class,GM-14440
CA-2011-110100,,,Standard Class,LC-16885
CA-2012-103723,2012-01-12,2012-06-12,Standard Class,BT-11305
CA-2011-127187,2011-04-12,2011-08-12,Standard Class,CP-12085
CA-2014-128475,,2014-02-09,Standard Class,SC-20680
CA-2011-100006,2011-07-09,,Standard Class,DK-13375
CA-2014-144827,,,Standard Class,SE-20110
CA-2011-110030,2011-06-12,2011-08-12,Second Class,LF-17185
CA-2011-121286,2011-04-11,2011-08-11,Second Class,ON-18715
CA-2013-164735,,,Second Class,TB-21400
CA-2011-153479,2011-04-10,2011-08-10,Standard Class,DF-13135
CA-2014-149888,2014-08-11,,Standard Class,EP-13915
CA-2014-119193,,,First Class,SK-19990
CA-2014-104801,,,Standard Class,FH-14350
CA-2011-107594,2011-02-07,2011-06-07,Standard Class,EH-13945
CA-2012-129770,,,Second Class,JE-15715
CA-2012-115798,,,Standard Class,KL-16645
CA-2014-122707,,,First Class,EB-13750
CA-2013-165015,,,Second Class,BD-11725
CA-2011-149244,2011-04-11,2011-08-11,Standard Class,MS-17530
CA-2012-140144,,,Second Class,SC-20770
CA-2014-163321,2014-08-08,2014-12-08,Second Class,FM-14380
CA-2011-155887,2011-12-05,,Standard Class,KT-16480
US-2012-165449,,,Standard Class,AP-10720
CA-2012-110247,2012-04-12,2012-08-12,Standard Class,RH-19555
US-2011-141257,2011-08-06,,Standard Class,CS-11950
CA-2011-154669,2011-08-08,2011-11-08,Second Class,TM-21010
CA-2011-158029,,,Standard Class,HF-14995
CA-2012-155306,,,Standard Class,GA-14515
CA-2013-127775,2013-12-06,,Second Class,ES-14020
CA-2013-146171,2013-12-03,,Standard Class,JP-16135
CA-2011-129574,,,First Class,Dp-13240
CA-2014-126536,,,First Class,NK-18490
CA-2014-165757,,,Standard Class,PL-18925
CA-2014-167752,,,First Class,RW-19690
US-2012-122140,2012-02-04,2012-07-04,Standard Class,MO-17950
CA-2013-163986,2013-04-09,2013-11-09,Standard Class,JJ-15445
CA-2014-158967,2014-11-12,,First Class,BT-11680
CA-2013-131576,,,Standard Class,RD-19585
CA-2014-143455,2014-12-11,,Standard Class,ML-17755
CA-2013-144729,,,Standard Class,JE-15745
CA-2012-127019,,,Standard Class,ER-13855
CA-2012-138534,,,Second Class,JM-15535
CA-2014-108322,2014-01-05,2014-06-05,Standard Class,SS-20140
CA-2014-167668,2014-07-05,2014-09-05,First Class,TC-21295
CA-2014-146724,,,Standard Class,HG-15025
CA-2013-139878,2013-12-11,,Standard Class,LD-17005
US-2013-106677,2013-06-11,2013-11-11,Standard Class,AS-10285
CA-2013-116974,2013-10-10,,Standard Class,MP-17965
CA-2012-149972,,,First Class,CD-12790
US-2011-117744,2011-02-12,2011-06-12,Standard Class,MD-17860
CA-2011-125514,,,First Class,BM-11650
CA-2011-154599,2011-12-04,,Standard Class,KN-16450
CA-2014-158743,,,Standard Class,IG-15085
CA-2013-153318,,,First Class,JS-15595
US-2012-110163,2012-01-11,2012-04-11,First Class,GA-14725
CA-2014-143329,2014-04-11,2014-09-11,Standard Class,DL-13330
CA-2012-159380,2012-12-05,,Standard Class,CS-12505
CA-2012-122623,2012-07-09,2012-11-09,Standard Class,CC-12145
CA-2012-148635,,,Second Class,MH-18025
CA-2012-135685,,,Second Class,MP-18175
CA-2012-104626,2012-01-09,2012-08-09,Standard Class,DR-12940
CA-2013-160500,2013-06-05,2013-09-05,First Class,DM-13015
CA-2014-100202,2014-01-01,2014-06-01,Standard Class,BD-11620
CA-2014-131016,,,First Class,DC-12850
US-2011-112914,,,Standard Class,MT-18070
CA-2013-124149,,,First Class,MJ-17740
CA-2011-148915,2011-01-11,2011-05-11,Standard Class,ND-18370
CA-2014-134649,,2014-01-02,Second Class,CA-11965
CA-2014-110842,2014-12-11,,Standard Class,GA-14725
CA-2013-147368,2013-10-06,,First Class,TC-21295
US-2012-104185,2012-03-09,2012-08-09,Second Class,JB-15400
US-2011-125521,,,Standard Class,CK-12325
US-2014-135062,2014-01-09,2014-05-09,Second Class,RL-19615
CA-2014-135650,,,Standard Class,AC-10660
CA-2014-112865,,,Standard Class,BH-11710
US-2013-162852,,2014-01-01,Standard Class,BG-11695
CA-2014-138163,,,First Class,XP-21865
CA-2014-152093,2014-11-09,,Standard Class,SN-20560
CA-2014-157854,2014-09-04,,Standard Class,DM-13345
CA-2013-123617,,2013-04-12,Standard Class,AJ-10780
US-2013-128293,2013-03-06,2013-06-06,First Class,KC-16255
CA-2014-107342,,,Standard Class,VF-21715
CA-2013-136371,,,Second Class,SV-20935
CA-2014-137344,,,Same Day,EM-13810
CA-2014-169810,,2014-01-08,Standard Class,RB-19360
CA-2013-128594,,,First Class,DJ-13510
CA-2013-154690,,,Second Class,CC-12370
CA-2014-138975,,,Standard Class,SC-20380
CA-2014-106537,,,Standard Class,RH-19495
US-2014-103828,,,Same Day,JK-15370
CA-2013-115588,2013-11-11,,Second Class,AF-10885
CA-2014-143861,,,Standard Class,LC-16885
CA-2011-148040,,,Standard Class,BF-11275
CA-2014-135167,,,Standard Class,SC-20800
CA-2014-137022,,,Standard Class,SW-20275
US-2014-102638,,2015-01-01,First Class,MC-17845
US-2013-167339,,,Second Class,TD-20995
CA-2013-152072,,,Standard Class,Dp-13240
CA-2013-102932,,,Second Class,SD-20485
CA-2011-165540,,,Standard Class,TM-21010
CA-2013-130799,2013-12-11,,Second Class,BK-11260
CA-2013-164483,,2013-03-02,Standard Class,JF-15490
US-2013-159856,,,Standard Class,EP-13915
CA-2014-102099,,,First Class,EP-13915
CA-2014-164049,2014-03-11,2014-07-11,Standard Class,KH-16630
CA-2011-142727,,2011-01-05,Second Class,HG-14845
CA-2014-139913,,,Standard Class,JC-16105
CA-2011-169033,,2011-03-04,Standard Class,KM-16720
US-2013-164630,2013-04-01,2013-09-01,Standard Class,EB-13975
US-2012-114839,,,Standard Class,PW-19240
CA-2012-166464,2012-12-09,,Standard Class,PG-18895
CA-2014-124898,2014-12-09,,Standard Class,DB-12910
CA-2013-164035,,,Standard Class,CR-12730
CA-2013-153577,,2013-02-07,Standard Class,KH-16330
CA-2011-127586,,,Standard Class,CS-12400
CA-2014-121615,2014-04-11,2014-10-11,Standard Class,DL-12925
CA-2014-166415,,,Standard Class,ME-17725
CA-2012-118444,2012-05-11,2012-09-11,Standard Class,VD-21670
CA-2011-113929,,,Standard Class,CK-12205
CA-2012-134747,2012-12-10,,Second Class,DL-12925
CA-2014-155047,,,First Class,SE-20110
CA-2013-160129,,,Same Day,LS-17200
CA-2014-164329,,,Same Day,MM-17920
US-2012-141453,,2012-03-12,Second Class,DB-13270
CA-2011-156993,,2011-04-07,Standard Class,RW-19630
CA-2011-157721,2011-02-09,2011-05-09,First Class,JM-16195
CA-2014-128629,2014-11-07,,Second Class,BP-11155
CA-2014-158106,2014-05-06,2014-11-06,Standard Class,CT-11995
US-2014-120390,,,Standard Class,TH-21550
CA-2014-143434,,,Standard Class,ME-17320
CA-2012-168564,2012-08-08,2012-08-08,Same Day,TT-21220
US-2013-169040,2013-07-12,,Standard Class,GT-14710
CA-2014-155880,,2014-01-04,Standard Class,JD-16150
CA-2014-126242,,,Standard Class,MC-18100
CA-2013-166443,2013-05-11,2013-06-11,First Class,LH-17020
CA-2014-169859,,,Standard Class,MP-18175
CA-2014-134915,,,Same Day,EM-14140
CA-2013-153353,,,Standard Class,GG-14650
CA-2014-123638,,2014-05-07,Standard Class,MA-17995
CA-2014-168900,2014-05-05,2014-10-05,Standard Class,SH-20395
CA-2012-158456,,,Standard Class,KT-16465
CA-2014-143665,,2014-02-05,Standard Class,PO-19180
CA-2014-137428,,,Second Class,AY-10555
CA-2011-162866,,,Standard Class,Co-12640
CA-2014-167941,2014-07-11,2014-10-11,Second Class,JF-15565
CA-2014-111808,,,Standard Class,AR-10510
CA-2012-137512,2012-07-05,2012-12-05,Standard Class,AG-10675
CA-2014-139773,2014-05-12,2014-05-12,Same Day,DV-13045
CA-2014-134607,2014-04-10,2014-09-10,Second Class,HL-15040
CA-2011-109232,,,Second Class,ND-18370
CA-2012-139850,2012-12-06,,Standard Class,GB-14575
CA-2011-131310,2011-12-07,,Standard Class,CL-12565
US-2011-112872,2011-06-12,2011-11-12,Second Class,RC-19960
CA-2013-139269,,,Standard Class,JB-16045
CA-2013-139010,,,Second Class,MC-17635
CA-2013-134376,2013-03-10,2013-07-10,Standard Class,TT-21265
CA-2014-147291,2014-12-03,,Standard Class,MJ-17740
CA-2013-112893,2013-10-09,,Second Class,AT-10735
US-2011-150532,,,Standard Class,PB-19150
CA-2011-138317,,,Standard Class,NW-18400
CA-2012-130610,2012-05-07,2012-10-07,Standard Class,VP-21730
CA-2014-104381,,,Standard Class,RD-19810
CA-2013-131499,2013-09-09,2013-11-09,First Class,MG-17875
CA-2011-148761,,,Standard Class,PA-19060
CA-2014-116519,,,First Class,CR-12730
CA-2011-130729,,,Standard Class,AA-10375
CA-2013-124772,2013-06-12,2013-07-12,First Class,JG-15160
CA-2013-115525,,,Standard Class,RR-19525
CA-2014-134845,,,Standard Class,SR-20425
US-2012-138919,,,Standard Class,LS-16975
US-2013-160528,,,Standard Class,MH-18115
CA-2012-123568,2012-08-11,,Standard Class,SC-20095
CA-2014-124674,,,Standard Class,JB-16000
CA-2012-164441,2012-08-11,,Standard Class,AC-10450
CA-2014-169054,,,Standard Class,MO-17800
CA-2011-106719,,,Same Day,RB-19645
CA-2014-116855,,,Standard Class,AI-10855
US-2013-164189,,,Standard Class,DR-12880
CA-2012-168480,,,Standard Class,DM-12955
US-2013-114293,,,Standard Class,JH-16180
CA-2014-134173,,,Standard Class,AB-10060
US-2012-123960,2012-11-06,,Standard Class,BD-11605
CA-2014-101749,2014-04-10,2014-09-10,Standard Class,AS-10045
US-2013-147991,2013-06-05,2013-10-05,Standard Class,ZD-21925
CA-2014-149559,2014-12-09,,Same Day,KF-16285
CA-2012-135174,,2012-02-05,Second Class,BP-11230
CA-2014-125290,2014-07-11,2014-11-11,Second Class,CC-12430
CA-2011-137351,,2011-04-10,Standard Class,DB-13615
CA-2014-121419,2014-03-04,2014-05-04,First Class,TC-21475
US-2014-148054,2014-07-10,2014-12-10,Standard Class,NZ-18565
CA-2013-128517,2013-10-04,,Second Class,SW-20350
US-2012-100377,,2012-01-09,Standard Class,TS-21370
CA-2014-131492,,,Second Class,HH-15010
CA-2013-144554,2013-08-11,,Standard Class,DM-13345
CA-2014-127621,2014-04-03,2014-08-03,Standard Class,RE-19450
CA-2012-145184,,,First Class,JD-16150
CA-2014-106859,,,Second Class,BF-11215
US-2014-120089,2014-01-12,2014-01-12,Same Day,ML-17755
CA-2011-119375,,,Standard Class,YC-21895
CA-2013-125206,2013-03-01,2013-05-01,First Class,LR-16915
CA-2012-126137,2012-03-10,2012-08-10,Standard Class,BS-11755
CA-2011-143903,,,Standard Class,KM-16375
CA-2011-104780,,,Standard Class,BT-11530
CA-2014-101182,2014-05-09,2014-06-09,First Class,KB-16405
US-2014-132297,,2014-03-06,Standard Class,DW-13480
CA-2011-100328,,2011-04-02,Standard Class,JC-15340
CA-2014-118773,2014-10-02,,Standard Class,TP-21415
US-2014-159205,2014-01-04,2014-03-04,Second Class,DB-12910
CA-2013-112123,2013-04-03,2013-09-03,Standard Class,BH-11710
CA-2012-114468,,,Same Day,TD-20995
CA-2014-135692,,2014-02-05,Standard Class,CV-12805
CA-2014-131233,,,Standard Class,CS-12355
CA-2014-119578,,,Second Class,JG-15310
CA-2013-124562,2013-09-12,,Standard Class,JP-16135
US-2014-140074,,,Standard Class,EC-14050
CA-2013-103037,,,Standard Class,KH-16630
CA-2014-127460,2014-11-07,,Standard Class,FG-14260
CA-2013-121671,,,Standard Class,AA-10480
CA-2013-150350,,,Standard Class,MS-17770
CA-2012-121720,2012-11-06,2012-12-06,First Class,JE-15610
CA-2014-149895,2014-09-09,,Standard Class,EB-14110
CA-2014-147564,2014-03-10,2014-07-10,Standard Class,BP-11155
CA-2011-136399,,,First Class,CC-12100
CA-2011-107916,,,First Class,JP-15460
CA-2014-164168,,,Standard Class,LS-16975
CA-2012-112557,,,First Class,JL-15850
US-2011-122959,2011-12-12,2011-12-12,Same Day,CY-12745
CA-2014-162572,,,Second Class,RB-19360
US-2013-148110,2013-06-09,2013-12-09,Standard Class,AR-10825
CA-2014-131828,2014-12-02,,Second Class,CS-11845
CA-2011-109218,,2011-03-07,Second Class,AR-10825
CA-2013-120558,2013-08-06,2013-11-06,First Class,RD-19810
US-2011-109036,,,Standard Class,KH-16510
CA-2012-147830,,,First Class,NF-18385
CA-2014-150497,,,Standard Class,SM-20950
CA-2011-128986,2011-03-08,2011-05-08,Second Class,GH-14410
CA-2012-139584,,,Standard Class,EM-13810
US-2013-162677,,,First Class,DB-13210
US-2011-150924,2011-12-09,,Second Class,PT-19090
CA-2011-153969,,,Standard Class,HF-14995
CA-2013-146682,,2013-01-11,First Class,KW-16435
CA-2013-138695,,2013-04-06,Standard Class,KC-16675
CA-2014-107461,,,Second Class,PK-19075
US-2013-133879,,,Standard Class,KT-16465
CA-2014-157483,2014-12-11,,Standard Class,EP-13915
US-2014-132059,,,Standard Class,AP-10915
CA-2014-122280,2014-11-09,2014-11-09,Same Day,SH-20395
CA-2014-105235,2014-06-12,2014-12-12,Standard Class,SM-20950
CA-2014-152912,2014-10-11,,Second Class,BM-11650
CA-2011-123498,2011-07-11,2011-09-11,First Class,TC-20980
CA-2014-159352,,,Standard Class,KB-16585
US-2014-146416,,,Second Class,JE-16165
US-2012-163783,,2013-01-01,Standard Class,DR-12940
CA-2014-123981,2014-03-10,2014-09-10,Standard Class,RW-19630
CA-2014-158953,2014-05-06,2014-09-06,Standard Class,ML-18040
CA-2011-165428,2011-01-09,2011-04-09,First Class,JL-15130
CA-2013-169026,2013-09-08,,Standard Class,CM-12655
CA-2014-109750,,,Standard Class,FH-14365
CA-2012-149384,2012-10-07,2012-10-07,Same Day,EH-13945
CA-2011-131527,2011-01-12,2011-07-12,Standard Class,TB-21280
CA-2014-164000,,,Standard Class,AH-10030
CA-2011-164224,,,Second Class,TT-21070
CA-2011-158372,2011-10-11,,Standard Class,RD-19900
CA-2013-108882,2013-09-01,,Standard Class,LA-16780
US-2014-108245,,,Standard Class,SH-19975
CA-2011-142314,,,Standard Class,SF-20200
CA-2013-132409,,2013-02-06,Standard Class,TH-21235
CA-2014-150189,2014-09-07,2014-11-07,First Class,VG-21790
CA-2011-114433,,,Standard Class,NP-18325
CA-2014-104640,2014-11-11,,Standard Class,FH-14275
US-2012-137008,2012-02-10,2012-08-10,Standard Class,JP-15460
CA-2011-108189,2011-02-10,2011-05-10,First Class,ES-14080
CA-2011-154641,2011-11-08,,Standard Class,KL-16645
CA-2014-131625,2014-02-09,2014-06-09,Second Class,BN-11515
US-2014-156356,,,Standard Class,ND-18370
CA-2013-138933,,,First Class,JL-15130
CA-2013-140746,,,Same Day,RC-19825
CA-2013-146836,2013-03-05,2013-03-05,Same Day,CC-12475
US-2013-127971,,,Standard Class,DW-13195
US-2013-140809,2013-01-02,2013-03-02,First Class,CK-12760
CA-2014-114524,2014-01-04,2014-06-04,Second Class,EG-13900
CA-2014-113355,2014-02-12,2014-06-12,Standard Class,SJ-20215
US-2014-140907,2014-11-12,,Second Class,BP-11185
CA-2013-159730,,,Standard Class,SJ-20125
CA-2013-157868,,,Standard Class,MC-17590
CA-2014-119389,,,First Class,BG-11740
CA-2014-110373,,,Second Class,MA-17560
CA-2013-155474,2013-09-07,,Standard Class,CC-12220
CA-2012-155453,2012-09-08,,Standard Class,RA-19885
US-2013-161844,2013-10-12,,Second Class,DK-12835
US-2013-162103,,,Standard Class,LB-16795
CA-2011-151554,,,First Class,CM-11815
CA-2011-140662,,,First Class,TS-21205
CA-2013-122518,2013-05-03,2013-09-03,Second Class,RF-19345
US-2011-126571,2011-11-10,,Standard Class,JF-15565
CA-2011-143840,,,Standard Class,EH-14185
CA-2011-115980,,,Standard Class,VW-21775
CA-2012-155145,,,Second Class,KN-16450
CA-2012-146038,2012-09-02,,Standard Class,SJ-20215
CA-2014-133865,2014-09-05,,Standard Class,PS-19045
CA-2014-116358,2014-03-11,2014-07-11,Standard Class,KM-16225
CA-2011-102988,2011-05-04,2011-09-04,Second Class,GM-14695
US-2011-117170,,,Standard Class,KT-16465
CA-2011-159478,,2011-06-10,Standard Class,MH-17785
CA-2011-103702,2011-12-09,,Standard Class,AF-10885
CA-2014-150525,,,Standard Class,JP-16135
CA-2012-157770,,,First Class,RD-19585
CA-2013-167290,,2013-05-11,Standard Class,JF-15295
CA-2011-106264,,,Standard Class,CK-12595
CA-2011-138023,,,First Class,KH-16510
CA-2014-113418,2014-02-10,2014-04-10,First Class,CM-12655
US-2012-110569,,,Standard Class,EB-13870
CA-2014-136308,,,Same Day,MW-18235
US-2011-159926,,,Standard Class,CS-11950
CA-2011-104738,,2012-01-01,Second Class,SP-20620
CA-2012-144386,2012-05-11,2012-11-11,Standard Class,GT-14635
CA-2013-111416,,,Standard Class,LW-17215
CA-2013-162747,,,Second Class,AH-10030
US-2011-133130,,2011-01-10,Standard Class,TH-21100
CA-2014-169978,,,Standard Class,HG-15025
CA-2014-161739,2014-11-11,,Second Class,EB-13750
CA-2012-165057,2012-11-09,,Standard Class,SC-20725
CA-2011-134551,,,Standard Class,TS-21505
CA-2012-120810,,,Standard Class,TH-21550
CA-2011-165309,2011-11-11,,Standard Class,KD-16270
CA-2014-122595,,,Standard Class,GM-14455
US-2014-109253,,,First Class,PR-18880
CA-2013-145982,,2013-02-09,Second Class,TB-21055
CA-2012-112011,,,Standard Class,ON-18715
CA-2014-154732,2014-06-11,2014-08-11,First Class,AH-10195
US-2013-157308,,,Standard Class,NM-18520
CA-2013-147536,,2014-01-01,Standard Class,AR-10510
US-2011-134733,,,Standard Class,BM-11650
US-2011-150434,,,Standard Class,CA-12310
CA-2014-100335,2014-08-09,,Standard Class,NF-18595
CA-2013-139234,2013-07-05,2013-11-05,Standard Class,AF-10870
US-2012-142020,2012-04-06,2012-08-06,Second Class,TC-21535
CA-2012-139962,,,Standard Class,Dp-13240
CA-2013-130050,,,Second Class,MC-17425
CA-2011-115161,2011-01-02,2011-03-02,First Class,LC-17050
CA-2011-165379,2011-09-07,,Standard Class,BM-11650
CA-2012-115511,,,Standard Class,NW-18400
CA-2013-134887,,,Same Day,TB-21280
CA-2014-123778,,2014-01-10,Standard Class,BS-11755
CA-2012-161718,2012-04-12,2012-10-12,Standard Class,SO-20335
CA-2013-100671,2013-02-11,2013-05-11,First Class,CS-12490
CA-2014-142867,,,Standard Class,PO-19180
CA-2014-103156,,,First Class,TD-20995
US-2014-162208,,,First Class,SP-20620
CA-2012-130659,2012-04-12,2012-09-12,Second Class,MS-17365
CA-2014-148404,2014-08-10,2014-12-10,Standard Class,Dp-13240
CA-2014-101077,,,Second Class,DB-13660
CA-2011-166471,2011-09-08,,Standard Class,MG-17650
CA-2011-105340,,,First Class,EH-14185
US-2014-131583,2014-11-06,2014-11-06,Same Day,CL-11890
US-2014-148362,2014-02-07,2014-09-07,Standard Class,KF-16285
CA-2011-102274,,,Standard Class,DH-13075
CA-2012-129700,2012-04-05,2012-05-05,First Class,LA-16780
CA-2014-168739,,2014-06-06,Standard Class,HZ-14950
CA-2012-152527,,,Same Day,CM-12190
US-2011-150119,,,Standard Class,LB-16795
US-2014-150847,2014-01-05,2014-07-05,Standard Class,JF-15490
CA-2013-100244,,,Standard Class,GM-14695
CA-2013-116540,2013-03-09,2013-03-09,Same Day,SS-20590
CA-2012-151841,,2012-02-05,Standard Class,TC-21475
CA-2012-150791,2012-06-09,,Standard Class,CC-12430
CA-2013-134803,,2013-04-06,Standard Class,CL-12565
CA-2012-153381,,,Standard Class,DE-13255
US-2014-111024,2014-04-07,2014-07-07,Second Class,SZ-20035
CA-2014-148264,2014-09-12,2014-10-12,First Class,LF-17185
CA-2014-131212,2014-06-12,2014-10-12,Standard Class,AB-10165
US-2012-100531,,,First Class,NM-18520
CA-2014-152583,,,Same Day,RA-19945
CA-2012-144099,,,Same Day,PO-19195
CA-2011-158337,2011-11-03,,Second Class,KA-16525
CA-2014-168858,,,Standard Class,JD-16150
CA-2013-116344,,2013-03-08,Standard Class,JO-15145
CA-2012-131779,2012-12-06,,Standard Class,LE-16810
CA-2013-158869,2013-07-08,2013-08-08,First Class,AH-10690
CA-2014-102554,2014-12-06,,Standard Class,KN-16705
CA-2013-162614,2013-08-10,,Standard Class,TB-21250
CA-2011-168592,2011-08-09,,Standard Class,DP-13390
CA-2011-157609,,,Second Class,KN-16705
CA-2012-153325,,2012-02-03,Second Class,ST-20530
CA-2012-153626,2012-09-07,,Standard Class,EB-13870
CA-2013-166485,,,Standard Class,AH-10210
CA-2014-136448,,,First Class,AS-10090
CA-2014-114258,2014-06-11,2014-11-11,Second Class,EM-13825
CA-2012-152611,,,Second Class,KA-16525
CA-2013-165470,,2013-01-12,Standard Class,HJ-14875
CA-2014-128699,2014-04-12,2014-06-12,Second Class,ND-18370
US-2012-147242,2012-10-09,,Standard Class,EH-13765
CA-2013-146143,,,Standard Class,MC-17845
CA-2012-100888,2012-06-04,2012-10-04,Standard Class,MH-17455
US-2013-150035,2013-02-12,2013-06-12,Standard Class,CL-11890
CA-2014-122644,,,Standard Class,SF-20965
CA-2014-111815,2014-04-03,2014-11-03,Standard Class,EP-13915
CA-2013-144911,,2013-01-12,First Class,RW-19630
CA-2011-143385,,2011-05-09,Standard Class,SJ-20500
CA-2013-131289,2013-09-12,,Standard Class,SP-20620
CA-2011-124023,2011-07-04,2011-10-04,First Class,PJ-19015
CA-2011-124688,,,First Class,CC-12610
CA-2013-151169,,,Standard Class,MY-18295
US-2013-134761,2013-01-12,2013-01-12,Same Day,DB-13210
CA-2014-120705,2014-06-09,2014-12-09,Standard Class,MG-17875
CA-2012-157322,2012-02-07,2012-06-07,Standard Class,RH-19600
CA-2014-142034,,,Standard Class,KB-16240
CA-2013-107328,2013-09-08,,Standard Class,CA-12055
CA-2013-108616,,2013-04-10,Standard Class,JK-15730
CA-2014-125115,2014-11-04,2014-11-04,Same Day,RD-19930
CA-2013-150945,,,Second Class,JK-16120
CA-2011-166863,,,Standard Class,SC-20020
CA-2014-140326,2014-05-09,2014-07-09,First Class,HW-14935
CA-2013-168536,,,Standard Class,SC-20800
US-2013-113649,2013-10-08,,First Class,HA-14920
CA-2012-124975,,,First Class,MG-17875
CA-2012-168767,2012-10-04,,Standard Class,DM-12955
CA-2013-114482,,,Second Class,DM-13345
CA-2013-137673,2013-06-09,2013-11-09,Standard Class,ML-17395
CA-2013-132731,,,Standard Class,GA-14515
CA-2014-148922,2014-11-12,,Second Class,SU-20665
CA-2013-130680,,,Standard Class,BD-11320
CA-2012-141145,,,Standard Class,DB-13405
US-2013-152835,,,Standard Class,RP-19855
CA-2013-155565,,,Same Day,EH-13765
CA-2011-110849,,,Standard Class,JL-15835
CA-2013-145842,,,Second Class,FM-14380
CA-2011-158771,2011-09-05,2011-09-05,Same Day,SB-20290
CA-2013-157511,,,First Class,SV-20365
CA-2014-121216,,,Second Class,MM-17920
CA-2014-155292,,2014-02-11,First Class,RD-19810
CA-2013-152555,,2013-03-04,Second Class,ME-17320
CA-2014-107832,,,Second Class,FH-14275
CA-2011-120838,,,Second Class,PO-18865
CA-2014-118542,2014-02-12,2014-06-12,Standard Class,CC-12550
CA-2014-152737,2014-08-11,,Standard Class,TS-21505
CA-2014-109757,2014-05-09,2014-10-09,Second Class,MD-17350
CA-2013-130029,2013-04-07,2013-07-07,First Class,GT-14755
CA-2014-103877,2014-08-09,,Standard Class,RD-19660
CA-2013-137176,2013-10-09,,Second Class,DB-12910
CA-2014-168109,2014-04-07,2014-04-07,Same Day,JK-15640
US-2014-126081,,2014-05-07,Standard Class,FC-14335
CA-2014-117023,2014-08-08,,Standard Class,JW-15955
CA-2012-143532,,,Standard Class,DC-12850
CA-2013-103163,2013-08-06,2013-12-06,Standard Class,FM-14290
CA-2013-104157,,,Standard Class,MT-17815
CA-2014-117807,2014-02-10,2014-08-10,Standard Class,DK-13090
CA-2012-121650,2012-10-12,,Standard Class,KD-16495
CA-2014-161823,2014-04-09,2014-09-09,Standard Class,AG-10300
CA-2014-121839,,,Standard Class,MH-18115
CA-2014-158729,,,First Class,AC-10450
CA-2014-146535,,2014-01-12,Standard Class,FM-14290
CA-2011-154186,,,Second Class,RA-19285
CA-2013-108434,2013-06-12,2013-08-12,Second Class,JG-15160
CA-2013-164154,2013-12-09,,Standard Class,NZ-18565
CA-2014-148012,2014-10-12,,Standard Class,KM-16225
CA-2011-102869,2011-09-09,,Second Class,LC-17140
CA-2014-138310,,2014-01-07,Standard Class,NP-18700
CA-2011-159835,,,Standard Class,RB-19330
CA-2014-112956,,,Standard Class,TH-21550
CA-2013-119683,,,Second Class,CK-12595
CA-2011-163559,,,Second Class,ST-20530
CA-2011-140228,,2011-03-05,Standard Class,GB-14530
US-2013-131674,,2013-02-12,Second Class,NC-18535
CA-2012-110093,2012-03-12,2012-08-12,Standard Class,AB-10255
CA-2014-112529,,,First Class,SC-20770
CA-2013-154536,2013-06-09,2013-10-09,Standard Class,JC-15340
CA-2014-141929,2014-05-09,2014-09-09,Standard Class,RA-19285
CA-2013-109743,,,Standard Class,SH-19975
CA-2011-159184,,,Standard Class,JC-15775
CA-2014-113530,,,Second Class,BC-11125
CA-2011-169726,2011-09-08,,Standard Class,JH-15985
CA-2014-155957,,2014-01-12,Standard Class,CC-12610
CA-2014-132178,2014-04-05,2014-09-05,Second Class,DB-12970
CA-2013-145177,2013-11-11,,Standard Class,PP-18955
CA-2011-156594,,,Second Class,MC-17845
CA-2011-146528,,,Second Class,VF-21715
CA-2012-168459,,,Standard Class,MC-17275
CA-2014-109960,2014-10-12,2014-12-12,Second Class,DB-13210
CA-2014-133004,2014-01-09,2014-06-09,Standard Class,AJ-10945
CA-2014-168102,,2014-01-05,Standard Class,CP-12340
CA-2014-158036,2014-09-09,,Standard Class,DB-13555
CA-2012-128083,2012-12-03,,Standard Class,EB-13750
CA-2013-161676,,,Standard Class,JP-15460
CA-2013-155005,,,Second Class,SC-20050
US-2014-129777,2014-04-07,2014-10-07,Standard Class,FM-14290
CA-2011-129364,2011-08-12,,Standard Class,TB-21250
CA-2013-104969,2013-09-04,,Standard Class,EH-14125
CA-2014-154109,2014-07-11,2014-12-11,Standard Class,ML-17410
CA-2012-156440,2012-05-12,2012-09-12,Standard Class,MH-17620
CA-2012-132626,2012-09-07,,Standard Class,BT-11680
CA-2013-102792,,,Standard Class,JC-15340
CA-2013-108567,,,Standard Class,DB-13210
CA-2014-140760,2014-03-06,2014-06-06,Second Class,DO-13435
US-2012-131359,,2012-02-11,Second Class,FA-14230
CA-2013-142097,,,Standard Class,QJ-19255
CA-2012-151680,,,Second Class,TC-21475
CA-2011-140039,,,Standard Class,ON-18715
CA-2014-160416,,,Second Class,AD-10180
CA-2014-169411,,,Standard Class,AC-10615
CA-2013-126543,2013-09-01,,Second Class,MF-17665
CA-2012-104941,,,Standard Class,DH-13075
CA-2014-160087,,,Standard Class,EN-13780
CA-2011-120544,,,Standard Class,SS-20140
CA-2014-113670,,,First Class,RS-19765
CA-2014-166198,,,First Class,JW-15955
CA-2011-135608,2011-08-12,2011-10-12,Second Class,JK-15625
CA-2014-144568,,2014-03-06,Standard Class,JO-15550
CA-2013-142370,,,Standard Class,TP-21130
CA-2013-105900,,,Standard Class,BS-11590
CA-2013-151155,,,Standard Class,AB-10255
CA-2014-144036,,,Standard Class,FO-14305
US-2011-169789,,2012-04-01,Standard Class,MF-17665
CA-2014-127264,2014-04-04,2014-06-04,First Class,SA-20830
CA-2013-151512,,2014-03-01,Standard Class,SH-19975
CA-2013-165169,2013-06-06,2013-12-06,Standard Class,JL-15235
CA-2012-109575,,,Standard Class,KH-16630
CA-2014-168193,2014-07-03,2014-12-03,Second Class,RM-19750
CA-2013-115476,,,Same Day,VM-21835
CA-2013-133340,2013-10-12,,Standard Class,LH-17155
CA-2013-137848,,,Standard Class,WB-21850
CA-2011-113047,,,Same Day,AP-10915
CA-2013-149979,,,Second Class,RA-19915
CA-2014-161956,,,Second Class,DR-12880
CA-2013-116799,2013-04-03,2013-07-03,First Class,JG-15310
CA-2013-111283,2013-01-03,2013-05-03,Standard Class,LC-16870
CA-2012-167745,,,Standard Class,GB-14530
CA-2014-104577,,,Standard Class,CK-12205
CA-2013-156251,,,Second Class,TS-21160
CA-2014-125878,,2014-03-03,Standard Class,MH-18025
CA-2013-163153,,,Standard Class,DM-12955
CA-2012-103205,2012-08-12,2012-10-12,Second Class,JJ-15760
CA-2011-153913,,,Second Class,KB-16585
CA-2013-155530,,,Standard Class,CM-12160
US-2013-101196,,,Standard Class,FM-14215
CA-2011-115357,2011-06-08,2011-11-08,Second Class,RF-19735
US-2011-102715,2011-11-04,,Second Class,JK-15370
CA-2012-107937,2012-03-05,2012-08-05,Standard Class,JB-16045
US-2014-148768,2014-01-12,2014-03-12,Second Class,PN-18775
CA-2014-118521,,,Standard Class,LF-17185
CA-2011-149643,,,Standard Class,RH-19510
CA-2012-135314,2012-09-07,,Second Class,MC-17575
CA-2014-165204,,,Second Class,MN-17935
CA-2014-125752,2014-01-08,2014-05-08,Standard Class,EH-14125
CA-2014-112487,,,Standard Class,TC-21535
CA-2013-144218,2013-01-11,2013-05-11,Standard Class,JD-15895
CA-2013-169971,2013-05-09,2013-10-09,Standard Class,IL-15100
US-2013-133508,,,Standard Class,SW-20350
CA-2011-107139,2011-05-07,2011-11-07,Standard Class,DP-13390
CA-2012-111325,,,First Class,BT-11395
CA-2012-163762,,2012-01-12,Standard Class,JE-15475
US-2011-117163,,2011-03-02,Standard Class,EJ-13720
CA-2014-121314,,,First Class,BE-11410
CA-2014-147760,2014-05-11,2014-06-11,First Class,KL-16555
CA-2013-156503,,,Standard Class,NC-18415
CA-2012-113628,2012-12-11,,Standard Class,AH-10690
CA-2014-147753,2014-06-03,2014-06-03,Same Day,PK-19075
CA-2012-103961,2012-05-11,2012-09-11,Standard Class,NG-18430
CA-2013-152471,2013-09-07,2013-09-07,Same Day,ZD-21925
CA-2012-102582,,,Standard Class,NW-18400
CA-2014-141873,2014-10-10,,Standard Class,HG-14845
CA-2012-140984,,,Standard Class,CC-12685
CA-2011-132801,2011-07-10,2011-12-10,Standard Class,JG-15805
CA-2014-141733,2014-08-05,2014-12-05,Standard Class,RW-19540
US-2012-111927,,,Standard Class,LS-17230
CA-2011-105984,,,Same Day,MY-18295
CA-2011-100363,2011-08-04,,Standard Class,JM-15655
CA-2011-126760,,2011-02-08,Standard Class,KM-16720
US-2011-109162,2011-08-06,2011-12-06,Standard Class,KE-16420
CA-2011-101931,,,First Class,TS-21370
CA-2014-129000,,,Second Class,SZ-20035
CA-2014-161053,,,First Class,JE-15745
CA-2012-142377,2012-04-12,2012-09-12,Standard Class,MS-17980
CA-2012-127593,,,Same Day,DH-13675
CA-2014-130526,,,First Class,GT-14755
US-2014-131849,2014-07-06,2014-11-06,Standard Class,GH-14410
US-2014-105389,,,Second Class,DM-13015
CA-2011-140816,,,Same Day,TC-21295
CA-2014-154039,,,Standard Class,JK-16120
CA-2011-135755,2011-03-05,2011-10-05,Standard Class,NC-18415
CA-2014-123246,,,Second Class,AJ-10960
CA-2012-157133,,2012-03-12,Standard Class,LC-16885
CA-2011-124709,,,Second Class,GW-14605
CA-2014-146360,,,Second Class,SC-20305
CA-2012-132486,,,Second Class,JF-15355
CA-2013-136231,2013-06-09,2013-08-09,Second Class,DM-13015
CA-2013-140641,,2013-03-11,Standard Class,EP-13915
CA-2011-151001,2011-05-04,2011-07-04,First Class,JG-15805
CA-2012-129896,,,Standard Class,PF-19120
CA-2011-152849,2011-05-07,2011-12-07,Standard Class,DW-13195
US-2014-127341,,2014-03-02,Standard Class,CK-12595
CA-2013-167759,2013-04-03,2013-09-03,Second Class,CC-12670
CA-2011-100895,2011-02-06,2011-06-06,Standard Class,SV-20785
US-2013-163881,,2013-01-12,Standard Class,SP-20860
US-2013-144547,2013-11-11,,Standard Class,MS-17770
US-2011-112200,,,Standard Class,TC-21475
CA-2014-110212,2014-02-05,2014-06-05,Standard Class,SJ-20125
CA-2014-134285,2014-08-12,,Standard Class,DS-13180
CA-2014-102267,2014-01-12,2014-05-12,Standard Class,SC-20800
CA-2014-157980,2014-08-12,2014-10-12,First Class,SH-20395
CA-2012-121097,2012-03-01,2012-08-01,Standard Class,SF-20965
CA-2012-151043,,,Standard Class,MG-17680
US-2012-119312,2012-02-10,2012-07-10,Second Class,CS-12400
CA-2012-167010,2012-05-04,2012-10-04,Standard Class,VT-21700
CA-2014-126788,2014-06-06,2014-07-06,First Class,AB-10105
CA-2014-148068,,,Standard Class,MM-18280
US-2014-142573,,,Standard Class,ML-17410
US-2012-148817,2012-01-12,2012-07-12,Standard Class,KD-16495
CA-2013-110044,,2013-03-07,Second Class,RF-19735
CA-2014-146920,,2014-02-09,Standard Class,SC-20305
CA-2011-103940,,,Standard Class,BN-11515
CA-2013-162082,,,First Class,JS-15880
CA-2013-132094,,2013-03-09,Standard Class,VG-21805
CA-2014-123001,2014-03-09,2014-09-09,Standard Class,AW-10840
CA-2012-118955,,,Standard Class,LS-17230
US-2013-143448,2013-11-12,2013-11-12,Same Day,MH-17455
CA-2014-117863,,,Standard Class,TS-21340
CA-2014-160458,,,Second Class,EH-13945
US-2013-142685,,2013-01-07,Standard Class,MG-17695
CA-2013-133144,,,Second Class,DO-13435
CA-2014-167871,,,Standard Class,AF-10870
CA-2013-119963,,,Standard Class,SN-20710
CA-2011-121167,,,Second Class,MO-17500
US-2013-151862,2013-02-03,2013-09-03,Standard Class,ON-18715
CA-2014-152961,,,Standard Class,SC-20095
CA-2011-133228,2011-04-04,2011-09-04,Standard Class,MS-17710
CA-2013-114951,,2013-04-07,Standard Class,DN-13690
CA-2013-156573,,2013-03-06,Standard Class,RB-19360
CA-2012-113901,,,Standard Class,NH-18610
CA-2014-134838,,,First Class,ED-13885
CA-2013-120257,,,Standard Class,PW-19240
CA-2011-164910,2011-12-11,,Second Class,DM-13345
CA-2013-149902,2013-02-04,2013-07-04,Standard Class,DW-13540
CA-2013-146010,,,First Class,EH-14125
US-2012-163685,2012-01-06,2012-05-06,Standard Class,KE-16420
CA-2011-135090,,,Standard Class,SP-20920
CA-2012-132374,,,Second Class,PS-19045
CA-2013-167556,,2013-03-04,Standard Class,JM-15250
US-2013-116400,,,First Class,EB-13930
CA-2014-101308,2014-03-10,2014-08-10,Standard Class,FG-14260
CA-2011-114517,,,Standard Class,TH-21235
CA-2014-119564,,,Standard Class,PL-18925
CA-2013-135265,2013-08-07,2013-10-07,Second Class,CC-12370
CA-2013-108735,,,Standard Class,JM-15535
CA-2014-112333,2014-09-04,,Standard Class,KF-16285
US-2013-159415,,,Standard Class,CS-12175
CA-2011-122588,,,Second Class,AR-10540
CA-2011-137589,2011-03-11,2011-08-11,Standard Class,MS-17770
CA-2012-161998,2012-01-05,2012-05-05,Standard Class,DB-13120
CA-2012-105627,2012-08-03,2012-12-03,Standard Class,DK-12895
US-2012-149629,,,Second Class,MP-17965
CA-2011-116834,2011-11-10,,Standard Class,Dp-13240
CA-2013-145730,2013-04-03,2013-09-03,Standard Class,CC-12220
US-2012-168732,2012-10-12,,Standard Class,KM-16660
CA-2012-107468,,,Standard Class,MK-17905
CA-2014-144463,2014-02-01,2014-06-01,Standard Class,SC-20725
CA-2014-100811,,,First Class,CC-12475
CA-2012-153612,,,Standard Class,BT-11305
CA-2012-165624,,,Standard Class,FH-14350
CA-2011-154963,,,Standard Class,AA-10645
CA-2014-130764,,,First Class,JO-15145
CA-2014-139311,2014-12-08,,First Class,SF-20965
CA-2014-124296,,,Standard Class,CS-12355
CA-2013-169957,,2013-01-10,Standard Class,SN-20710
US-2013-108777,,,Same Day,JM-15655
CA-2012-148859,,2013-01-01,Standard Class,FH-14350
CA-2011-110786,,2012-02-01,Standard Class,AJ-10795
CA-2012-137750,,,Standard Class,JF-15565
CA-2012-136378,2012-02-04,2012-07-04,Standard Class,CS-11845
CA-2014-100356,,,Standard Class,SP-20920
US-2012-166520,,,First Class,KE-16420
CA-2014-136350,,,Second Class,GA-14515
CA-2011-122931,,2011-03-10,Standard Class,SM-20950
CA-2011-163034,,,Standard Class,DK-12985
CA-2012-124058,,,Standard Class,LC-16885
CA-2013-129196,2013-02-11,2013-08-11,Standard Class,XP-21865
US-2012-138716,,,First Class,CS-11845
US-2013-122182,2013-11-03,,Standard Class,BD-11770
US-2011-130358,,,First Class,DL-13330
CA-2011-102673,2011-01-11,2011-05-11,Standard Class,KH-16630
CA-2013-145303,,2013-01-09,First Class,TP-21415
CA-2012-156104,2012-06-12,2012-08-12,Second Class,NP-18685
US-2012-164308,,,First Class,SC-20680
CA-2014-108112,,,Standard Class,DK-12895
CA-2012-100685,,,Second Class,SM-20950
CA-2012-165414,,,First Class,LS-17245
CA-2013-140417,,,Standard Class,KE-16420
US-2014-151316,,2014-01-07,Standard Class,MC-17635
CA-2014-163692,2014-08-09,2014-10-09,First Class,Dp-13240
CA-2013-111913,2013-05-08,2013-07-08,Second Class,LC-16930
US-2011-156559,,,Standard Class,LH-16900
CA-2013-161473,2013-02-04,2013-06-04,Standard Class,TB-21175
CA-2014-166576,,,First Class,JM-15865
CA-2012-102491,,,Standard Class,KW-16435
CA-2011-116904,,,Standard Class,SC-20095
US-2014-102288,,,Standard Class,ZC-21910
CA-2014-137456,,,Same Day,RB-19465
US-2014-155999,2014-08-08,,Standard Class,JK-15370
US-2013-148334,,,Standard Class,DD-13570
CA-2012-105599,2012-07-09,2012-07-09,Same Day,MC-17275
CA-2012-153717,,2013-01-01,Standard Class,DL-13495
CA-2012-116687,2012-02-05,2012-07-05,Standard Class,NC-18625
CA-2013-163573,,,First Class,AC-10450
CA-2012-153416,,,Standard Class,TS-21340
CA-2014-117394,2014-05-09,2014-11-09,Standard Class,MM-17920
CA-2014-133823,2014-12-05,,Same Day,LP-17080
CA-2011-127523,2011-11-05,,Standard Class,BG-11695
CA-2014-123239,,2014-01-08,Second Class,MG-18145
CA-2014-156769,2014-07-05,2014-10-05,First Class,GZ-14470
CA-2011-127299,,,Standard Class,JL-15835
CA-2012-121272,,2012-04-04,Standard Class,DO-13435
CA-2011-115336,,,Standard Class,AB-10600
CA-2012-111703,2012-02-07,2012-09-07,Standard Class,KB-16315
CA-2011-128839,2011-08-09,,Standard Class,TT-21070
CA-2014-105914,2014-03-10,2014-09-10,Standard Class,PV-18985
CA-2014-110926,,,Standard Class,DD-13570
CA-2013-117226,,2014-02-01,First Class,KD-16495
CA-2014-127313,2014-02-12,2014-05-12,First Class,RA-19285
CA-2013-136287,,,Standard Class,SS-20590
US-2011-107699,,,Standard Class,JH-15820
CA-2014-112725,,2014-07-02,Standard Class,EH-14125
CA-2012-136196,,2012-04-12,Standard Class,TP-21415
CA-2014-106068,,,Standard Class,RB-19330
CA-2014-100160,2014-08-09,2014-12-09,Standard Class,CB-12025
CA-2013-139689,,2014-04-01,Standard Class,MP-17965
CA-2012-101091,2012-05-12,2012-09-12,Second Class,SW-20245
CA-2011-126907,2011-01-11,2011-08-11,Standard Class,SM-20950
US-2013-164588,,,Standard Class,AP-10915
CA-2014-115546,,,Standard Class,AH-10465
CA-2012-163587,,,Standard Class,EP-13915
US-2014-106131,,,First Class,TP-21565
CA-2012-160213,2012-08-03,,Standard Class,AR-10825
CA-2011-157924,2011-11-10,,First Class,HA-14920
CA-2012-100216,,,First Class,HJ-14875
CA-2014-100601,,,Standard Class,JK-15370
CA-2013-152163,2013-02-07,2013-02-07,Same Day,JF-15355
CA-2012-154340,,,First Class,EK-13795
CA-2011-128846,2011-07-04,2011-12-04,Standard Class,RS-19765
CA-2013-148593,,,Second Class,BD-11320
US-2014-119039,2014-07-03,2014-11-03,Standard Class,BF-11170
CA-2014-128426,2014-08-10,2014-12-10,Standard Class,JK-15730
US-2014-136868,2014-07-10,,Standard Class,CR-12820
CA-2013-143749,2013-06-12,2013-08-12,First Class,AG-10300
CA-2013-111493,,,First Class,CM-12160
CA-2014-112536,,,Standard Class,SG-20890
CA-2013-157714,,2013-02-10,Second Class,CS-12175
CA-2014-166709,,,Standard Class,HL-15040
CA-2012-129392,2012-08-07,2012-08-07,Same Day,DM-13015
CA-2012-150875,,,Standard Class,HK-14890
CA-2012-154200,,,Standard Class,BG-11740
CA-2013-124233,2013-09-04,,Standard Class,CK-12595
US-2012-134271,,,Second Class,RF-19735
US-2013-161683,2013-04-12,2013-09-12,Standard Class,CJ-12010
CA-2012-143105,2012-10-12,2012-10-12,Same Day,MA-17560
CA-2011-145387,,2011-02-11,Second Class,AM-10705
CA-2014-109715,2014-10-12,,Standard Class,AH-10585
CA-2011-166457,2011-05-05,2011-09-05,Second Class,PF-19120
CA-2013-164637,2013-05-03,2013-09-03,Standard Class,RD-19480
CA-2011-103590,,2011-04-12,Standard Class,JL-15505
CA-2012-111234,,,Standard Class,AB-10600
CA-2014-149881,2014-02-04,2014-04-04,First Class,NC-18535
CA-2014-134565,2014-12-06,,Second Class,TB-21400
CA-2013-108644,2013-01-10,2013-04-10,First Class,SJ-20215
US-2011-102631,,,Standard Class,EB-13840
CA-2014-120327,2014-12-11,,Standard Class,WB-21850
CA-2012-154970,2012-05-01,2012-10-01,Standard Class,SR-20740
CA-2013-113803,,,First Class,VG-21805
CA-2014-100223,2014-06-07,2014-11-07,Standard Class,LS-16945
CA-2011-168823,,,First Class,MA-17560
CA-2013-162404,,,Standard Class,NF-18475
CA-2014-104024,,2014-04-09,Second Class,MD-17860
CA-2014-147144,,,First Class,MZ-17335
CA-2014-158673,,2015-05-01,Standard Class,KB-16600
CA-2011-133704,,,Standard Class,MA-17995
CA-2013-159142,2013-05-04,2013-06-04,First Class,ME-17320
CA-2011-138436,,,Standard Class,JD-15895
CA-2014-117702,,2014-05-12,Standard Class,LS-16975
CA-2013-157336,2013-02-12,2013-06-12,Second Class,SJ-20500
CA-2011-168130,,,Same Day,BS-11365
CA-2012-155068,,,Same Day,RA-19285
CA-2014-163160,,,First Class,TS-21610
CA-2012-101924,2012-04-09,2012-09-09,Standard Class,KB-16585
CA-2013-124793,,,First Class,MM-18280
CA-2014-118367,,2014-03-11,Second Class,LO-17170
CA-2014-164819,,,Second Class,RS-19420
CA-2014-158344,2014-08-08,2014-12-08,Standard Class,CC-12475
CA-2014-123351,,,Standard Class,KT-16480
CA-2014-110429,2014-04-11,2014-09-11,Standard Class,DM-13015
US-2013-131611,2013-06-11,2013-10-11,Standard Class,EP-13915
US-2014-124821,,,Second Class,AM-10705
CA-2012-166975,,,Standard Class,SH-20635
CA-2013-123806,,,Second Class,LA-16780
US-2014-158505,,,Same Day,SF-20200
CA-2012-142692,,,Standard Class,AG-10495
CA-2012-123456,2012-09-07,,Standard Class,KN-16450
CA-2014-151358,,,Standard Class,NF-18595
US-2013-107440,,,Standard Class,BS-11365
CA-2011-166989,,,Standard Class,RM-19675
CA-2011-103100,,,First Class,AB-10105
CA-2012-105690,,,Second Class,CA-11965
CA-2014-127516,,2015-04-01,Standard Class,EH-14005
US-2012-117184,,,Standard Class,ON-18715
CA-2014-102407,2014-10-12,,Second Class,AT-10435
CA-2014-130967,2014-11-03,,Standard Class,EB-13870
CA-2014-101581,,,Standard Class,DW-13195
CA-2014-169124,2014-04-07,2014-11-07,Standard Class,MB-17305
CA-2014-117261,2014-05-09,2014-11-09,Standard Class,TH-21235
CA-2014-129021,,,Second Class,PO-18850
CA-2011-123253,,,Second Class,DE-13255
CA-2013-121601,2013-05-10,2013-05-10,Same Day,MO-17500
CA-2011-162278,,,Second Class,AH-10585
CA-2013-161095,,,Same Day,CS-12250
CA-2011-125829,2011-04-11,2011-11-11,Standard Class,WB-21850
CA-2011-123127,2011-08-09,2011-12-09,Standard Class,SP-20620
CA-2012-115945,,2012-01-07,Standard Class,AB-10165
CA-2012-136735,,2012-02-08,Standard Class,HA-14920
US-2014-136189,2014-08-12,2014-12-12,Standard Class,DC-13285
CA-2011-152345,,2012-03-01,Second Class,ST-20530
US-2012-147662,,,Standard Class,KB-16315
CA-2013-153346,,,First Class,TB-21355
CA-2014-118360,2014-02-04,2014-08-04,Standard Class,JC-15775
CA-2014-149853,2014-04-10,2014-10-10,Standard Class,PO-18850
CA-2014-107909,2014-02-09,2014-07-09,Standard Class,SS-20875
CA-2012-112375,,,Standard Class,RD-19720
CA-2012-154795,,,Standard Class,GZ-14470
CA-2012-125234,,2012-01-12,Standard Class,SN-20710
CA-2014-133501,,2014-02-09,Standard Class,DK-12895
US-2011-129609,,,Same Day,VM-21835
CA-2014-130309,,,Standard Class,GB-14575
CA-2014-105410,,,First Class,ND-18370
CA-2013-120355,,,Standard Class,MM-17260
CA-2014-169894,,,Second Class,MV-17485
US-2014-100482,2014-12-04,,Standard Class,JL-15130
CA-2014-107748,2014-11-12,,Second Class,AG-10330
CA-2014-153654,,,Second Class,MD-17860
CA-2012-155600,2012-04-12,2012-07-12,Second Class,RO-19780
CA-2014-162565,2014-12-12,2014-12-12,Same Day,RR-19315
CA-2013-127642,,,First Class,CP-12340
US-2014-163195,,,Second Class,LL-16840
CA-2014-111332,,,Second Class,NC-18340
CA-2014-117044,2014-12-09,,Second Class,HA-14920
US-2013-165078,2013-06-11,2013-11-11,Standard Class,MA-17995
US-2014-169320,,,Second Class,LH-16900
CA-2013-158575,,,Standard Class,SB-20290
CA-2011-166954,,,Standard Class,BT-11305
CA-2012-140830,,2012-02-12,Second Class,PS-18970
CA-2012-152891,,,Standard Class,TB-21625
US-2012-122784,,,Standard Class,RA-19915
CA-2013-156811,,2013-03-11,Standard Class,BP-11095
CA-2014-111556,,,First Class,CD-11920
CA-2013-108868,2013-09-09,,Standard Class,KB-16585
CA-2011-142965,,,Same Day,SW-20245
CA-2013-148740,,,Standard Class,AH-10690
US-2011-138758,2011-07-07,2011-11-07,Standard Class,JL-15835
CA-2013-131737,,,Same Day,GZ-14470
CA-2013-114538,,,First Class,RC-19825
CA-2011-127936,2011-02-09,2011-04-09,First Class,CL-12565
CA-2012-164336,2012-05-07,2012-10-07,Standard Class,MW-18220
CA-2013-100041,,,Standard Class,BF-10975
US-2011-154879,2011-06-05,2011-11-05,Standard Class,SN-20710
CA-2011-130624,,,First Class,TB-21280
CA-2014-132339,,,Standard Class,JB-15400
CA-2011-153983,,2011-06-12,Standard Class,AH-10210
CA-2014-112900,2014-10-04,,Second Class,KL-16645
CA-2011-160157,,,Standard Class,MH-17455
CA-2011-139633,,,Standard Class,EC-14050
CA-2012-163090,,,Second Class,GH-14665
CA-2011-117016,2011-04-03,2011-09-03,Standard Class,SC-20095
CA-2014-159464,,,First Class,TB-21355
US-2014-103226,,,Standard Class,DW-13195
CA-2014-119452,,,Standard Class,CL-12565
CA-2014-147725,,,Same Day,LT-17110
CA-2013-168893,2013-04-11,2013-09-11,Second Class,AP-10915
CA-2013-163398,2013-04-05,2013-09-05,Standard Class,CB-12415
CA-2013-162726,,2014-03-01,Standard Class,MT-17815
US-2013-111290,,,Standard Class,DK-13375
US-2011-147704,,,Standard Class,SR-20740
CA-2012-121965,,,Standard Class,LH-17155
CA-2013-147137,2013-05-07,2013-07-07,First Class,AA-10645
US-2012-146745,2012-03-09,2012-08-09,Standard Class,AS-10630
CA-2014-115175,2014-08-08,,Standard Class,MC-17575
CA-2014-105851,,,Standard Class,SE-20110
US-2014-125717,,2014-02-10,First Class,DS-13030
CA-2012-163895,2012-07-08,2012-11-08,Standard Class,NS-18640
CA-2014-168641,,2014-02-12,Standard Class,KA-16525
CA-2014-156895,2014-09-05,,Standard Class,DJ-13510
CA-2014-121300,,,Same Day,MG-17680
CA-2014-130211,,,Same Day,BD-11620
CA-2011-147235,,,Standard Class,CD-11920
CA-2013-109365,2013-04-11,2013-09-11,Standard Class,XP-21865
CA-2012-162621,2012-05-09,2012-11-09,Standard Class,CA-12055
CA-2014-105921,,,Standard Class,JM-15250
CA-2011-150798,2011-01-12,2011-03-12,Second Class,JK-15730
CA-2014-112753,,,Standard Class,CC-12670
CA-2014-155075,2014-03-12,2014-10-12,Standard Class,GW-14605
CA-2011-103401,,,Standard Class,GR-14560
CA-2013-124814,2013-11-04,,Standard Class,FM-14215
CA-2011-116757,,2011-04-07,Standard Class,MS-17980
US-2011-138247,,,Standard Class,BF-11170
CA-2014-167003,,,Standard Class,VS-21820
CA-2013-119935,2013-11-11,,Standard Class,KM-16225
CA-2013-118969,2013-03-10,2013-04-10,First Class,LP-17095
CA-2013-145240,2013-07-09,2013-09-09,First Class,BG-11740
CA-2013-120873,,2013-02-11,Second Class,BW-11200
US-2014-111920,,,Standard Class,PS-18970
US-2013-128678,,,Standard Class,RB-19570
CA-2013-101385,,2013-02-10,Standard Class,JW-16075
CA-2014-107167,2014-11-06,,Standard Class,ND-18460
CA-2011-109491,,,Standard Class,LC-16930
CA-2014-105445,,,Second Class,BP-11095
CA-2011-107454,2011-02-11,2011-06-11,Standard Class,RD-19720
US-2014-105046,,,Standard Class,BE-11335
CA-2014-152856,2014-09-09,2014-11-09,Second Class,RS-19765
CA-2013-134691,,,Standard Class,KC-16540
CA-2013-118759,,,First Class,MB-17305
CA-2011-140403,2011-10-10,2011-10-10,Same Day,TN-21040
CA-2012-163104,,,Standard Class,MC-18130
CA-2014-138464,2014-09-07,,Standard Class,VF-21715
CA-2012-104129,,2012-02-03,Standard Class,ES-14080
US-2014-132206,,,Standard Class,MK-17905
CA-2014-113474,,2014-01-04,First Class,TM-21490
CA-2012-126557,2012-12-07,,Second Class,RL-19615
US-2014-107636,2014-01-05,2014-03-05,First Class,NM-18520
US-2011-165862,,,Standard Class,GK-14620
US-2011-106334,,2012-02-01,Standard Class,JF-15490
CA-2013-101448,,2013-02-03,Second Class,EB-13930
CA-2012-130218,,,First Class,SG-20470
US-2014-117331,,,Standard Class,ND-18370
CA-2011-127383,,2012-05-01,Standard Class,CM-11815
CA-2011-110219,2011-05-05,2011-08-05,First Class,EB-13870
CA-2012-118871,2012-04-12,2012-09-12,Second Class,HM-14860
CA-2014-129490,,2014-01-10,Standard Class,SJ-20125
CA-2011-101175,2011-09-12,,Standard Class,DM-12955
US-2014-149510,2014-04-12,2014-11-12,Standard Class,MC-17575
CA-2012-111990,2012-08-11,,Standard Class,DB-13660
CA-2011-169460,,,Second Class,NF-18595
US-2012-152128,,,Second Class,NM-18445
CA-2014-126662,,,Standard Class,AB-10255
CA-2013-139395,,,Standard Class,MG-17650
US-2011-121734,2011-11-04,,Standard Class,SE-20110
CA-2012-110947,2012-09-06,,Standard Class,AG-10765
US-2011-150126,,2011-02-08,Standard Class,AS-10045
CA-2012-164427,,2012-06-08,Standard Class,AR-10405
CA-2013-120250,,,First Class,AP-10720
CA-2013-121993,2013-11-06,,First Class,JB-16000
US-2013-100405,,,Second Class,TS-21430
US-2014-163790,2014-03-11,2014-05-11,Second Class,NL-18310
CA-2013-129868,,2014-01-01,Standard Class,MC-18130
CA-2013-140564,2013-06-12,2013-11-12,Second Class,TC-21475
US-2014-169502,,2014-02-09,Standard Class,MG-17650
CA-2012-146948,,,Standard Class,MG-17890
US-2012-113327,,,Second Class,BF-11170
CA-2012-135020,,2012-02-06,Standard Class,MS-17770
US-2014-141852,2014-10-11,,Standard Class,JE-15745
CA-2013-109407,,,Second Class,HG-14965
US-2014-165953,2014-01-01,2014-07-01,Standard Class,EP-13915
CA-2013-144540,2013-06-09,2013-11-09,Standard Class,GH-14410
CA-2012-159863,2012-04-09,2012-07-09,Second Class,DS-13180
CA-2012-117800,,,Standard Class,TH-21550
CA-2014-145219,,,First Class,RM-19675
CA-2012-161214,2012-05-10,2012-08-10,Second Class,SF-20965
CA-2014-147228,2014-10-09,,Standard Class,SO-20335
CA-2013-101336,,,Standard Class,CK-12760
US-2012-126235,,,Same Day,GA-14725
CA-2014-168396,2014-04-08,2014-09-08,Second Class,BD-11725
CA-2012-130456,,,Standard Class,DS-13180
CA-2014-116288,,,Standard Class,BS-11380
CA-2014-168228,,,First Class,AP-10915
CA-2013-102162,2013-12-09,,Standard Class,JF-15565
CA-2014-130141,,,Second Class,HA-14905
CA-2012-147501,2012-02-08,2012-06-08,Standard Class,Co-12640
CA-2013-143910,,,Standard Class,BC-11125
CA-2011-146885,,2011-05-06,Standard Class,EB-13840
CA-2013-139556,,2013-02-05,Standard Class,DB-13360
CA-2014-129357,,,Standard Class,KB-16585
CA-2014-150987,2014-09-04,,Standard Class,AH-10120
CA-2014-132647,,,Standard Class,GH-14410
CA-2014-159107,,,Second Class,KT-16480
CA-2011-160738,2011-05-05,2011-10-05,Standard Class,KH-16330
CA-2012-112130,2012-03-05,2012-07-05,Standard Class,SV-20785
CA-2013-111409,,,Standard Class,PO-18850
CA-2013-116232,,,Standard Class,AC-10450
CA-2013-116547,2013-10-01,,Standard Class,KB-16585
US-2014-133200,2014-07-05,2014-12-05,Standard Class,DB-13555
CA-2013-133550,2013-01-08,2013-07-08,Standard Class,KL-16645
CA-2014-139416,,,Second Class,AG-10270
CA-2011-114510,,,Standard Class,JF-15295
CA-2013-169215,,,Second Class,RE-19450
CA-2013-127698,2013-02-12,2013-02-12,Same Day,MV-18190
CA-2013-159912,,2013-04-09,Standard Class,GB-14530
CA-2013-101987,,2013-01-07,Standard Class,HL-15040
US-2014-154851,,2014-04-04,Standard Class,BP-11155
CA-2011-138681,,,First Class,CT-11995
US-2012-138121,,,Same Day,JL-15835
CA-2014-140298,2014-12-05,,Standard Class,JK-16120
CA-2013-166240,,,Standard Class,DH-13075
CA-2013-158435,,,First Class,AG-10900
CA-2014-138149,,2014-01-07,First Class,WB-21850
CA-2011-112403,,,Same Day,JO-15280
CA-2011-108273,,,Standard Class,EJ-13720
CA-2014-121643,,,First Class,AB-10105
US-2012-122910,2012-12-05,,Standard Class,LT-16765
CA-2014-143126,2014-04-12,2014-08-12,Second Class,CM-12655
CA-2012-129042,2012-12-12,,Standard Class,EM-13960
CA-2012-109736,2012-10-10,2012-11-10,First Class,DJ-13420
CA-2012-142601,,,Second Class,DE-13255
CA-2011-106229,2011-07-06,2011-11-06,Second Class,NR-18550
US-2014-135230,2014-02-09,2014-08-09,Standard Class,CK-12325
CA-2013-159653,,,Same Day,JF-15490
CA-2013-131968,2013-12-11,,Standard Class,LB-16795
CA-2011-119151,,,Second Class,MP-18175
CA-2011-123323,2011-07-11,2011-12-11,Standard Class,LH-16900
CA-2013-124681,,,Second Class,SV-20935
US-2012-103996,,,Second Class,RB-19435
CA-2013-120530,2013-08-04,,Standard Class,Dl-13600
CA-2012-155054,,,Standard Class,PS-19045
CA-2012-105725,,,Standard Class,GT-14755
CA-2014-164364,,,Standard Class,CS-12355
CA-2014-168123,2014-06-03,2014-06-03,Same Day,JD-16060
CA-2013-120005,2013-04-03,2013-04-03,Same Day,TS-21160
CA-2013-123526,,,First Class,BV-11245
CA-2013-127649,2013-08-10,2013-10-10,First Class,DL-13495
CA-2013-159989,2013-10-12,,Standard Class,EB-13870
CA-2014-103499,,,Standard Class,ES-14020
US-2012-167220,2012-12-12,,Standard Class,JB-15925
CA-2014-126354,2014-04-02,2014-09-02,Standard Class,SC-20380
CA-2014-169817,,,Standard Class,EB-13870
US-2014-144582,2014-01-05,2014-06-05,Standard Class,TC-21475
CA-2011-121573,2011-03-11,2011-07-11,Standard Class,SG-20605
CA-2013-117660,,2014-05-01,Standard Class,BM-11785
CA-2011-112851,,,Standard Class,NR-18550
CA-2014-123701,,,First Class,PG-18820
CA-2012-118227,,,Standard Class,DB-13270
CA-2012-123155,2012-09-03,2012-12-03,First Class,NS-18640
CA-2014-158883,2014-03-06,2014-04-06,Same Day,CS-11860
US-2013-114888,,,Second Class,CC-12430
US-2011-167262,,2011-03-11,Second Class,AC-10450
CA-2014-119746,,,Standard Class,CM-12385
CA-2014-108091,,,Standard Class,EK-13795
CA-2013-101630,,,Second Class,CK-12760
CA-2014-132346,2014-08-11,2014-12-11,Standard Class,PK-19075
CA-2011-150301,2011-08-07,2011-10-07,First Class,MH-18025
CA-2011-159310,2011-07-11,2011-12-11,Standard Class,SC-20725
US-2014-147984,,2014-02-02,Standard Class,GB-14575
CA-2012-104346,2012-11-12,,Standard Class,IM-15070
US-2012-141684,,2012-04-07,Standard Class,MM-18055
CA-2012-144722,,,Standard Class,MF-18250
CA-2012-120516,,,Standard Class,CK-12595
US-2013-148901,,,Standard Class,MK-17905
CA-2014-136364,,,Second Class,MH-17455
CA-2012-137708,,,Second Class,NG-18430
CA-2011-149055,,,Standard Class,PB-19210
CA-2012-151589,,,First Class,RE-19450
CA-2013-121370,,,Second Class,EB-14110
CA-2013-111696,2013-09-05,2013-11-05,First Class,TB-21625
CA-2011-139598,,,Standard Class,MG-17695
CA-2014-117436,2014-09-06,,Standard Class,LW-17125
CA-2012-140025,2012-07-04,2012-11-04,Standard Class,PF-19120
CA-2013-134222,2013-11-07,2013-12-07,Same Day,NZ-18565
CA-2013-140018,,,Standard Class,CK-12205
US-2014-136707,,,First Class,JE-15610
CA-2011-152562,2011-01-11,2011-08-11,Standard Class,JO-15145
CA-2013-152408,,,Standard Class,TT-21220
CA-2011-120278,2011-07-11,2011-12-11,Standard Class,MS-17365
CA-2014-167661,2014-06-10,2014-11-10,Standard Class,MP-18175
CA-2014-106831,2014-02-06,2014-04-06,First Class,FH-14350
CA-2014-154123,,,Standard Class,SC-20050
CA-2013-136049,,,Standard Class,NM-18520
CA-2014-118402,,2014-05-10,Standard Class,JO-15280
US-2013-139388,2013-08-11,2013-10-11,First Class,CC-12475
US-2011-128685,2011-04-04,2011-05-04,First Class,MZ-17515
CA-2012-124044,,,Second Class,MS-17830
CA-2011-164469,,,Second Class,GK-14620
CA-2011-107818,2011-08-09,,Standard Class,MC-17275
CA-2011-113320,2011-12-12,,Second Class,LH-17155
CA-2012-137526,,,Standard Class,PB-19150
CA-2014-136063,,,Standard Class,SS-20140
CA-2013-101546,,,Standard Class,GK-14620
CA-2011-138940,2011-11-04,,Second Class,GM-14455
CA-2013-125164,2013-11-11,,Standard Class,SH-19975
CA-2014-163531,,2014-01-07,Standard Class,SC-20725
CA-2014-122490,,,Standard Class,TT-21070
CA-2014-131366,,,Standard Class,SC-20440
CA-2014-164042,,,Standard Class,KL-16645
CA-2011-132864,2011-02-12,2011-07-12,Standard Class,KN-16390
US-2011-155817,2011-03-10,2011-09-10,Standard Class,SL-20155
US-2013-131891,,2013-01-08,First Class,PW-19240
CA-2014-143567,2014-03-11,2014-06-11,Second Class,TB-21175
CA-2014-104080,2014-09-03,,Standard Class,AH-10210
CA-2011-151379,,,Standard Class,SC-20695
CA-2013-163167,,2013-02-12,Second Class,RF-19345
CA-2013-135776,,,Standard Class,EH-13765
US-2011-122021,,,First Class,AC-10660
CA-2013-130484,,,Standard Class,SG-20470
CA-2014-120936,,,Standard Class,CA-12310
CA-2014-110884,2014-08-03,,Standard Class,SH-20395
US-2011-161613,2011-01-12,2011-03-12,Second Class,MC-17605
US-2011-146353,,,Second Class,JE-15610
CA-2011-133809,,,Second Class,MS-17530
CA-2014-127306,,,Standard Class,BH-11710
CA-2012-161830,,,Second Class,ME-17725
CA-2014-163125,2014-10-10,2014-12-10,Second Class,MB-17305
CA-2013-160304,2013-02-01,2013-07-01,Standard Class,BM-11575
CA-2014-101728,,,Standard Class,SC-20575
CA-2014-114055,,,Second Class,MH-18115
CA-2014-126438,2014-11-09,,First Class,AR-10345
CA-2014-117653,,,Standard Class,MO-17500
CA-2014-143245,2014-02-12,2014-07-12,Standard Class,AD-10180
US-2011-138828,2011-02-09,2011-03-09,First Class,KD-16345
CA-2014-143651,,,Standard Class,FM-14215
CA-2012-106978,,2012-04-10,Standard Class,ZC-21910
CA-2012-155124,,,Standard Class,KS-16300
CA-2014-150931,2014-07-01,,Standard Class,DP-13390
CA-2011-157147,,,Standard Class,BD-11605
CA-2012-156482,2012-06-02,,Standard Class,IL-15100
CA-2014-106782,,,Standard Class,LP-17095
CA-2013-151372,2013-06-09,2013-07-09,First Class,JH-15985
CA-2011-102085,2011-04-10,2011-09-10,Standard Class,JD-16015
CA-2014-107125,,2014-03-12,Standard Class,BD-11320
CA-2013-125815,,2013-02-11,Second Class,DL-13330
CA-2012-144190,2012-09-06,,Standard Class,NC-18415
CA-2014-117926,2014-09-12,,Second Class,AS-10225
CA-2012-153906,,,Standard Class,MS-17980
CA-2011-160262,2011-09-06,,Second Class,TS-21205
CA-2012-127607,,,Standard Class,JK-15730
CA-2013-166226,,,Standard Class,TC-21535
CA-2011-156587,2011-07-03,2011-08-03,First Class,AB-10015
CA-2013-141180,,,Second Class,DP-13000
CA-2012-109708,,,Second Class,CY-12745
CA-2012-122406,2012-02-08,2012-05-08,Second Class,BE-11455
US-2013-153815,2013-07-11,2013-10-11,First Class,KL-16555
CA-2013-164896,2013-08-11,,Standard Class,PS-19045
CA-2012-142202,,,Second Class,JR-16210
CA-2012-165050,2012-07-12,2012-09-12,First Class,AH-10210
US-2013-131114,2013-10-12,,Second Class,RW-19630
CA-2011-160066,,,Standard Class,AH-10075
CA-2013-109925,2013-07-11,2013-11-11,Second Class,IM-15070
CA-2012-160696,2012-06-09,2012-10-09,Standard Class,CK-12760
CA-2011-125171,2011-03-09,2011-03-09,Same Day,AG-10390
CA-2013-149279,,,Standard Class,CL-12700
CA-2014-107321,2014-01-09,2014-05-09,Standard Class,AW-10930
US-2014-122714,2014-08-12,,Standard Class,HG-14965
CA-2012-153038,,,Standard Class,RB-19645
CA-2011-132227,2011-04-11,2011-10-11,Standard Class,SZ-20035
CA-2014-155824,2014-11-03,,Standard Class,KS-16300
CA-2013-129238,,2013-04-02,Standard Class,SC-20050
CA-2014-159688,2014-08-05,,Standard Class,AB-10060
CA-2013-136126,,,Same Day,EH-14125
CA-2013-155033,2013-08-10,,Standard Class,CC-12475
CA-2011-156006,,2011-02-05,Second Class,TM-21010
CA-2012-158659,2012-10-11,,Second Class,SC-20695
CA-2012-169796,2012-09-11,,Standard Class,Dp-13240
CA-2012-102876,2012-07-09,,Standard Class,LR-17035
US-2014-139647,2014-12-05,,First Class,TS-21370
US-2014-160465,,,Standard Class,SW-20350
CA-2011-153850,,,Standard Class,TH-21100
CA-2011-127558,,,First Class,SS-20410
CA-2014-136511,,,Second Class,MZ-17515
CA-2013-133795,,,Standard Class,JE-15475
US-2014-130953,,2014-04-08,Standard Class,RF-19735
CA-2011-151792,2011-02-09,2011-07-09,Second Class,CV-12295
CA-2014-139304,,2014-03-02,Standard Class,VG-21790
CA-2013-155166,,2014-03-01,Standard Class,BB-11545
CA-2012-103954,2012-09-08,,Second Class,HR-14770
CA-2011-169803,2011-06-04,2011-12-04,Standard Class,SC-20260
CA-2014-141719,,,Second Class,EG-13900
CA-2012-136469,2012-11-07,2012-12-07,First Class,TS-21370
CA-2013-158694,2013-11-11,,Second Class,AI-10855
US-2011-104759,,2011-04-04,Standard Class,DD-13570
CA-2012-150511,,,Standard Class,AB-10060
CA-2012-134922,2012-07-11,2012-11-11,Standard Class,KB-16240
US-2014-120607,,,Same Day,JC-15775
CA-2012-141243,2012-03-01,2012-08-01,Second Class,AH-10465
CA-2012-162166,2012-08-09,2012-11-09,First Class,NM-18520
CA-2013-120796,2013-04-04,2013-08-04,Standard Class,CS-11950
CA-2013-109722,2013-06-12,2013-08-12,Second Class,TP-21130
CA-2012-136798,2012-08-05,2012-12-05,Standard Class,DL-12925
CA-2014-122196,,,First Class,CA-12265
CA-2014-142090,2014-01-12,2014-08-12,Standard Class,SC-20380
CA-2014-160934,,,Standard Class,TT-21460
CA-2011-124478,2011-08-08,2011-12-08,Standard Class,MA-17560
CA-2012-145485,2012-05-11,2012-05-11,Same Day,JM-16195
CA-2014-151071,,,Second Class,MB-18085
CA-2011-134572,,,Second Class,SV-20365
CA-2014-143217,2014-12-11,,Standard Class,CG-12040
US-2014-133312,,,Standard Class,BD-11500
US-2012-137533,,,Same Day,JK-15640
CA-2013-155138,2013-09-09,,Standard Class,JM-15580
CA-2013-108350,2013-07-06,2013-10-06,Second Class,SC-20230
CA-2012-144302,,,Standard Class,ME-17320
CA-2012-109001,2012-05-03,2012-09-03,Standard Class,KN-16390
CA-2014-132738,2014-05-08,2014-08-08,First Class,HM-14860
CA-2014-156720,,2015-04-01,Standard Class,JM-15580
CA-2012-119102,,,Standard Class,KH-16690
US-2011-140452,2011-06-12,2011-10-12,Standard Class,BK-11260
CA-2012-141936,2012-07-08,2012-12-08,Standard Class,PN-18775
CA-2011-158442,,,Same Day,AZ-10750
CA-2012-167374,,,Second Class,GM-14500
CA-2011-116568,,,Standard Class,BM-11785
CA-2012-147102,,,Standard Class,NH-18610
CA-2014-132213,,,First Class,PN-18775
CA-2011-138450,,,Standard Class,EH-13765
CA-2012-153073,,,Same Day,HA-14905
CA-2013-147970,,2013-02-02,Second Class,AB-10150
CA-2013-150658,,,Standard Class,MS-17365
CA-2014-125640,,,Standard Class,DD-13570
CA-2014-154137,2014-12-11,,Standard Class,MT-17815
CA-2012-127173,,2012-03-10,Standard Class,GM-14500
CA-2011-149538,2011-04-04,2011-08-04,Standard Class,KB-16585
CA-2011-160766,,,Same Day,DM-13015
CA-2014-146626,,2015-06-01,Standard Class,BP-11185
CA-2012-123330,,,Standard Class,EP-13915
CA-2014-155607,,2014-01-12,Standard Class,FG-14260
CA-2013-151323,,,Standard Class,AB-10255
CA-2012-146696,,,Standard Class,RD-19480
CA-2013-128972,,,Standard Class,TS-21430
CA-2014-128335,,2014-06-10,Standard Class,JA-15970
CA-2012-154886,2012-08-11,2012-12-11,Standard Class,SW-20455
CA-2013-111213,2013-02-04,2013-06-04,Standard Class,FP-14320
CA-2014-161333,2014-03-02,2014-08-02,Standard Class,JL-15835
CA-2014-128734,,2015-01-01,Standard Class,JL-15175
CA-2011-141796,,,Same Day,JG-15160
CA-2014-125101,2014-07-03,2014-11-03,Second Class,SH-19975
CA-2014-169929,,,First Class,LS-17200
US-2011-121566,,2011-06-07,Standard Class,CS-11860
US-2012-124219,2012-07-08,2012-08-08,First Class,KW-16570
CA-2014-163006,2014-01-07,2014-05-07,Second Class,GH-14410
CA-2012-156146,,,Second Class,AG-10495
CA-2011-111192,,2011-05-08,Standard Class,TS-21430
CA-2013-115378,,,Second Class,AJ-10945
CA-2012-161627,2012-06-07,2012-11-07,Standard Class,SJ-20215
CA-2011-121006,2011-10-11,,Standard Class,SC-20020
CA-2013-122903,,,Second Class,LA-16780
CA-2012-107741,2012-08-03,2012-10-03,First Class,FC-14335
CA-2014-106432,,,Standard Class,CA-12265
CA-2013-148908,2013-06-11,2013-09-11,First Class,JH-15985
CA-2013-123015,,,Standard Class,AJ-10795
US-2012-120502,,,Standard Class,BT-11395
CA-2014-108749,,,First Class,DJ-13510
CA-2014-163335,,,First Class,AG-10675
CA-2012-134719,2012-10-10,,Standard Class,JD-15790
US-2012-154389,,2012-03-12,Standard Class,EH-14125
CA-2012-115567,,,Standard Class,ZC-21910
US-2014-136679,,,Standard Class,XP-21865
US-2014-141943,2014-06-05,2014-10-05,Standard Class,DK-12985
CA-2011-101560,,2011-01-12,Second Class,CS-12250
CA-2011-159709,2011-10-05,,Standard Class,AI-10855
CA-2013-103982,2013-04-03,2013-09-03,Standard Class,AA-10315
CA-2012-142454,,,Standard Class,RE-19450
CA-2012-102015,2012-12-09,,Standard Class,TM-21010
CA-2012-156755,2012-12-01,,Standard Class,YS-21880
CA-2012-130876,2012-12-05,,Second Class,AZ-10750
CA-2013-145898,,,Same Day,CM-12445
US-2014-159562,2014-10-09,,Standard Class,JB-16000
CA-2014-134635,,,Second Class,NS-18640
CA-2014-167080,2014-11-06,,Standard Class,LC-16930
CA-2014-145653,2014-02-09,2014-02-09,Same Day,CA-12775
CA-2011-140487,,,Standard Class,SR-20425
CA-2014-117401,,,Second Class,PP-18955
US-2014-109582,,,Second Class,JM-15865
CA-2013-119865,,,Standard Class,AS-10090
US-2011-147648,,2011-01-12,Standard Class,LS-16975
CA-2014-124436,,,Second Class,SA-20830
CA-2011-115084,,,Standard Class,LS-17200
CA-2014-131037,,,First Class,TM-21490
CA-2013-111143,,,First Class,TT-21265
CA-2011-166744,,,Standard Class,DN-13690
CA-2013-116561,2013-12-09,,Standard Class,EB-14110
CA-2013-110730,,,Second Class,CM-11815
CA-2014-146367,2014-05-08,2014-09-08,Standard Class,HM-14860
CA-2013-149454,,,First Class,KM-16375
CA-2013-156265,2013-03-08,2013-05-08,Second Class,BF-11020
US-2012-168914,,,Standard Class,JE-15745
US-2014-110989,2014-04-11,2014-06-11,Second Class,EJ-14155
CA-2012-106215,,,Standard Class,BN-11470
US-2013-169369,,,Standard Class,EC-14050
CA-2012-132318,,2012-02-11,First Class,TT-21220
US-2011-131982,2011-07-03,2011-11-03,Second Class,NP-18685
CA-2012-125185,2012-05-03,2012-07-03,Second Class,AH-10195
CA-2013-130078,2013-09-08,,Standard Class,CC-12145
US-2014-114034,2014-04-01,2014-09-01,Standard Class,DL-13315
US-2014-115595,2014-10-10,2014-12-10,First Class,XP-21865
CA-2014-158722,,,Standard Class,MA-17560
CA-2011-105165,2011-07-09,2011-10-09,First Class,SZ-20035
CA-2014-147452,2014-01-10,2014-04-10,First Class,CS-11845
US-2014-114657,,,Standard Class,MH-18115
CA-2014-144484,2014-12-09,2014-12-09,Same Day,CB-12025
CA-2014-125913,,,Same Day,JO-15145
US-2013-158309,,,First Class,PA-19060
CA-2012-162887,2012-07-11,2012-09-11,Second Class,SV-20785
CA-2014-147333,,,Standard Class,KL-16555
CA-2011-113859,,,Standard Class,BC-11125
CA-2011-159681,2011-07-12,,Standard Class,PO-18850
US-2014-104094,2014-08-09,2014-12-09,Standard Class,AG-10675
CA-2014-152709,2014-08-10,,Standard Class,DB-13210
CA-2012-105158,2012-05-09,2012-10-09,Standard Class,SP-20860
CA-2011-133424,,2011-04-04,Standard Class,Dl-13600
CA-2014-105991,2014-06-05,2014-07-05,First Class,LH-17020
US-2014-136784,2014-01-05,2014-06-05,Standard Class,AD-10180
CA-2011-146283,2011-08-09,,Standard Class,KT-16465
CA-2014-151218,,,First Class,PJ-19015
CA-2012-111073,,,Standard Class,MC-18100
CA-2014-144883,,,Standard Class,BO-11350
CA-2014-142174,2014-05-03,2014-10-03,Standard Class,DP-13000
CA-2014-108791,,2014-01-08,Standard Class,TM-21490
CA-2013-106656,,,First Class,DV-13045
CA-2013-113831,,2013-04-06,Standard Class,AH-10690
US-2011-139500,,,Standard Class,AB-10165
US-2011-166310,,,First Class,JS-15940
US-2013-168410,,,Standard Class,BV-11245
CA-2014-131254,,,First Class,NC-18415
CA-2013-123414,,,Standard Class,SU-20665
CA-2014-137876,2014-01-05,2014-06-05,Standard Class,DJ-13510
CA-2013-154060,2013-03-05,2013-09-05,Standard Class,DL-12865
US-2014-162558,2014-03-10,2014-06-10,First Class,Dp-13240
CA-2014-134439,,,Second Class,TM-21010
CA-2012-119508,2012-04-12,2012-09-12,Standard Class,TZ-21580
CA-2012-152681,,,Standard Class,SC-20260
CA-2011-130813,2011-07-01,2011-09-01,Second Class,LS-17230
CA-2012-120320,2012-05-03,2012-09-03,Standard Class,MV-18190
CA-2013-111941,,,Second Class,BD-11620
CA-2013-123120,2013-05-09,2013-09-09,Standard Class,CV-12295
CA-2011-103331,,2011-01-09,Standard Class,KB-16315
CA-2012-169278,,,Standard Class,ME-18010
CA-2014-111577,,,Standard Class,AJ-10780
CA-2012-146486,2012-09-11,,Second Class,DV-13465
US-2011-168501,,,Standard Class,JK-15325
CA-2012-112053,2012-11-10,,Second Class,SH-20395
CA-2014-108539,,,Second Class,SC-20725
CA-2012-149811,2012-04-01,2012-10-01,Standard Class,CS-12250
US-2014-103814,2014-10-12,,Standard Class,LH-16900
CA-2013-123932,2013-07-09,,Standard Class,YC-21895
US-2013-101616,2013-04-09,2013-07-09,First Class,CY-12745
CA-2011-113768,,,Standard Class,AH-10030
CA-2013-138037,,2013-04-10,Standard Class,AR-10540
CA-2011-150490,2011-05-08,2011-11-08,Standard Class,SS-20590
US-2014-126060,,,Standard Class,DW-13585
CA-2014-100951,2014-10-06,2014-11-06,First Class,NC-18625
CA-2013-122014,,2014-03-01,Standard Class,CD-11920
CA-2011-123477,,,Second Class,DW-13195
CA-2013-107790,,,Standard Class,EH-13990
CA-2014-158071,2014-11-06,,Standard Class,BD-11320
CA-2014-147403,2014-11-09,,First Class,KH-16630
US-2014-136721,2014-09-04,,Standard Class,NH-18610
CA-2012-118738,,,Standard Class,AG-10495
CA-2014-134152,,2014-01-06,Standard Class,RP-19855
CA-2011-125542,2011-05-12,2011-07-12,First Class,NB-18655
CA-2013-136021,,,Standard Class,JM-15580
CA-2013-149195,2013-06-09,2013-08-09,Second Class,DM-13525
CA-2014-161410,,2014-04-07,Standard Class,CC-12220
CA-2014-152786,,,Standard Class,GA-14725
CA-2014-164707,,,Second Class,CV-12805
CA-2014-163874,2014-11-11,,Second Class,NC-18535
US-2011-123183,,,Standard Class,GR-14560
CA-2011-104829,,,Second Class,JG-15805
US-2013-147340,,,Same Day,EB-13750
CA-2013-145492,,,Standard Class,MC-17605
CA-2013-163202,,2013-03-10,Standard Class,BM-11650
CA-2013-117681,2013-10-04,,Standard Class,HF-14995
CA-2014-132262,,,First Class,ML-18265
CA-2014-123043,,,Standard Class,AH-10195
US-2013-143280,,,Standard Class,TZ-21580
CA-2014-108854,2014-09-12,,Standard Class,DM-13345
CA-2014-166856,,,Standard Class,TS-21505
CA-2013-153157,2013-12-09,,First Class,TB-21625
US-2014-125647,,,Standard Class,LC-16870
CA-2011-132542,2011-06-10,2011-08-10,Second Class,AM-10360
CA-2012-110877,,,First Class,JE-15715
US-2013-151827,2013-01-04,2013-03-04,Second Class,CS-11950
US-2013-163258,,2014-03-01,Standard Class,PF-19225
CA-2014-103009,2014-04-11,2014-06-11,Second Class,PJ-18835
US-2014-120649,,,Standard Class,JF-15490
CA-2013-153598,2013-04-12,2013-07-12,First Class,NM-18520
US-2013-108497,,,Same Day,MH-17290
CA-2013-113096,2013-03-09,2013-05-09,First Class,SZ-20035
CA-2011-136861,2011-05-09,2011-07-09,First Class,PR-18880
CA-2014-117422,,,Standard Class,FC-14245
CA-2014-129707,,,Standard Class,LH-16750
CA-2012-160171,,,Standard Class,RM-19675
CA-2011-103317,2011-05-07,2011-08-07,First Class,DM-13525
CA-2013-167115,2013-05-04,2013-10-04,Standard Class,EH-14185
US-2014-153633,,,Second Class,TC-21295
CA-2014-155929,2014-10-09,,Standard Class,AI-10855
CA-2012-148712,,,Standard Class,JM-15535
CA-2013-128307,,,Standard Class,BE-11335
US-2013-127425,,2013-01-09,Standard Class,DR-12880
US-2011-119081,2011-12-09,,Standard Class,TA-21385
CA-2013-140613,,,Standard Class,KN-16705
US-2014-108700,,,Standard Class,PJ-18835
CA-2014-160962,,2014-03-05,Standard Class,MC-17605
CA-2014-130631,,2015-03-01,Standard Class,BS-11755
CA-2014-116680,2014-05-09,2014-07-09,Second Class,PK-19075
US-2011-107405,,,Standard Class,TS-21205
CA-2014-101574,,2014-05-10,Standard Class,BD-11725
CA-2011-146591,,,First Class,TS-21340
CA-2011-107706,,,Second Class,ST-20530
CA-2013-122448,2013-10-06,,Standard Class,DB-13210
CA-2011-132451,,,First Class,KF-16285
CA-2013-158547,,2013-05-06,Standard Class,JM-16195
CA-2014-116946,,,Standard Class,TS-21505
CA-2014-121741,,,Same Day,YC-21895
CA-2014-169691,,,First Class,Dp-13240
CA-2013-121356,,,Standard Class,SJ-20500
CA-2011-101770,,2011-04-04,Standard Class,KB-16240
CA-2014-105487,2014-09-10,,Standard Class,CS-12250
CA-2014-148999,,2014-05-02,Standard Class,EB-13870
CA-2011-107573,2011-12-12,,Standard Class,PB-19150
CA-2012-156608,,,Standard Class,MT-18070
CA-2014-134495,2014-02-04,2014-05-04,Second Class,BF-11020
CA-2014-164098,,,First Class,CG-12520
CA-2011-105249,,,Same Day,DH-13675
CA-2012-113523,2012-04-09,2012-08-09,Standard Class,SC-20440
CA-2014-117821,,,Standard Class,HG-15025
CA-2014-164378,,,Second Class,MM-18055
CA-2014-127782,2014-03-11,2014-07-11,Standard Class,TH-21115
US-2013-162026,2013-09-10,2013-09-10,Same Day,JE-15745
CA-2013-150000,2013-09-04,,Standard Class,PG-18820
CA-2012-168529,2012-08-10,2012-12-10,Standard Class,MB-17305
US-2014-152569,,,Standard Class,JD-16015
US-2011-137680,,2011-02-03,Standard Class,JH-15430
CA-2012-103177,,2012-01-06,First Class,EN-13780
US-2013-138408,,,Second Class,KC-16255
CA-2014-117667,2014-05-12,2014-10-12,Standard Class,MS-17980
CA-2013-110982,2013-06-06,2013-08-06,First Class,CK-12205
CA-2013-147123,2013-11-12,,First Class,SJ-20125
CA-2014-154501,2014-01-05,2014-06-05,Standard Class,EA-14035
CA-2014-166933,,,Standard Class,MG-17890
CA-2012-142055,2012-08-05,2012-10-05,First Class,AB-10255
CA-2012-137106,,2012-04-04,Standard Class,SC-20260
CA-2014-136609,2014-07-08,2014-12-08,Standard Class,TB-21355
CA-2014-160885,2014-03-12,2014-07-12,Standard Class,JK-16090
US-2013-167472,2013-07-06,2013-08-06,First Class,CK-12595
CA-2012-120551,,,Standard Class,SS-20590
US-2014-150595,,,Standard Class,LE-16810
CA-2013-134936,,,Standard Class,ES-14080
CA-2014-102967,,,Standard Class,MG-17890
CA-2014-151008,2014-08-09,2014-09-09,First Class,JM-16195
CA-2011-159800,,2011-01-12,First Class,SG-20470
US-2011-159618,2011-12-11,,Standard Class,DB-12970
CA-2014-116113,2014-03-10,2014-07-10,Second Class,JW-15220
CA-2012-125066,,,Standard Class,KD-16495
US-2012-114741,2012-06-12,2012-10-12,Standard Class,IL-15100
CA-2014-133263,2014-01-04,2014-03-04,Second Class,JE-15610
CA-2014-157966,,,Same Day,SU-20665
CA-2011-151162,2011-05-12,2011-09-12,Standard Class,EA-14035
CA-2013-136686,,,Standard Class,RF-19840
CA-2014-137498,2014-10-09,,Second Class,LC-17050
CA-2014-163818,2014-05-10,2014-09-10,Standard Class,PS-18970
CA-2013-161158,2013-10-05,,Standard Class,PS-18970
CA-2011-116673,,,Second Class,JO-15280
CA-2014-105333,2014-01-12,2014-05-12,Standard Class,VP-21730
CA-2012-149993,,,First Class,GA-14725
CA-2011-168158,,,Standard Class,EM-14140
CA-2013-115224,2013-09-12,2013-12-12,Second Class,DB-13615
CA-2011-164742,,,Second Class,ML-17395
US-2014-108014,,,Standard Class,JH-15430
CA-2014-160325,,,Same Day,BP-11095
CA-2012-159779,,,Standard Class,SB-20185
CA-2014-151176,,,Standard Class,SV-20785
CA-2011-108903,2011-03-10,2011-03-10,Same Day,DO-13435
CA-2013-117919,,,Second Class,TB-21355
CA-2012-142475,2012-03-12,2012-07-12,Standard Class,BS-11380
CA-2013-134516,,,Standard Class,FM-14215
CA-2014-105193,,2014-01-04,Standard Class,JL-15835
CA-2012-168634,2012-06-12,2012-11-12,Standard Class,AF-10870
CA-2014-117198,2014-01-09,2014-06-09,Standard Class,BG-11035
CA-2012-145828,2012-05-10,2012-07-10,First Class,MB-17305
CA-2014-121027,,,Standard Class,HW-14935
CA-2013-147431,2013-02-02,2013-07-02,Standard Class,AB-10105
CA-2013-158001,,,Standard Class,JP-15460
CA-2014-125745,2014-01-07,2014-05-07,Standard Class,DV-13045
CA-2012-101154,,,First Class,CM-12190
US-2013-124163,,2013-01-10,Standard Class,SC-20695
CA-2013-121748,,,Second Class,VW-21775
CA-2011-126683,,2011-01-10,Second Class,PP-18955
CA-2014-148810,,2014-02-07,Standard Class,DR-12880
US-2013-146066,,,Second Class,RB-19465
CA-2011-127614,2011-12-02,,Standard Class,NF-18385
CA-2013-101742,,,Second Class,CR-12580
CA-2012-134943,2012-05-12,2012-06-12,First Class,SU-20665
CA-2014-123022,2014-04-09,2014-09-09,Standard Class,SC-20050
CA-2014-113208,,2014-03-04,Standard Class,ML-18040
CA-2011-154893,,,Standard Class,GM-14440
CA-2011-147900,,,Standard Class,JK-15640
CA-2014-106355,2014-03-04,2014-06-04,First Class,AT-10435
CA-2013-127985,2013-02-04,2013-06-04,Second Class,DB-12910
CA-2012-166604,,,Second Class,AH-10690
CA-2014-120719,,,First Class,SJ-20125
CA-2014-127117,,,Standard Class,HM-14860
CA-2012-104241,2012-04-01,2012-09-01,Standard Class,AG-10495
CA-2014-168179,2014-03-11,2014-08-11,Standard Class,JB-16000
CA-2014-142342,,,Second Class,AJ-10795
CA-2014-109099,2014-07-10,2014-12-10,Standard Class,MM-18280
US-2011-134187,2011-04-11,2011-11-11,Standard Class,TH-21235
CA-2013-145261,,,First Class,AH-10120
CA-2013-108875,,2013-02-10,Standard Class,CL-12700
CA-2013-141957,,,Same Day,JG-15310
CA-2013-142405,2013-12-06,,Standard Class,SE-20110
CA-2012-141012,2012-09-06,2012-11-06,Second Class,TG-21640
CA-2014-127922,,2014-04-11,Standard Class,SH-19975
CA-2013-146318,,,Standard Class,MC-17275
CA-2011-135993,,2011-02-06,Standard Class,PJ-18835
CA-2011-126802,,2012-05-01,Standard Class,ZC-21910
CA-2013-143924,,2013-04-08,Standard Class,SC-20680
CA-2013-141551,,2013-01-10,Standard Class,BP-11230
CA-2011-164315,2011-02-04,2011-08-04,Standard Class,RD-19585
CA-2012-131072,2012-05-11,2012-05-11,Same Day,KL-16645
CA-2011-131541,,,Same Day,CK-12205
CA-2012-119550,,,Standard Class,RB-19705
US-2012-138093,2012-10-12,,Standard Class,KM-16225
CA-2013-126165,2013-06-05,2013-08-05,Second Class,AH-10465
CA-2014-126123,,,Standard Class,AG-10765
CA-2013-143441,2013-06-11,2013-06-11,Same Day,EB-14170
CA-2014-148320,2014-04-11,2014-09-11,Standard Class,PG-18895
CA-2013-125661,,,First Class,CA-12055
US-2011-123519,,,Standard Class,SS-20875
CA-2011-155593,2011-03-11,2011-08-11,Standard Class,RP-19390
CA-2014-136000,,,Second Class,SC-20440
US-2012-160857,2012-08-05,,Standard Class,NW-18400
CA-2014-115805,2014-01-08,2014-01-08,Same Day,KW-16435
US-2011-143707,2011-01-03,2011-05-03,Standard Class,HR-14770
CA-2014-116939,,,Standard Class,AG-10900
CA-2012-124107,2012-09-10,2012-12-10,Second Class,BM-11650
CA-2014-126550,,2014-03-04,Second Class,RD-19720
CA-2012-138674,,,First Class,KB-16585
CA-2013-165820,,2013-01-10,Standard Class,DW-13585
CA-2011-103191,,,Standard Class,VG-21805
CA-2012-103933,,,First Class,DR-12880
CA-2012-110548,2012-04-05,2012-08-05,Standard Class,AH-10690
CA-2014-117324,2014-09-12,,Standard Class,JP-15520
CA-2014-143574,,2014-03-07,First Class,DR-12880
CA-2011-111773,,2011-03-07,Standard Class,JK-15625
CA-2011-148614,,,Standard Class,MV-17485
CA-2014-156139,2014-01-01,2014-07-01,Standard Class,BP-11155
US-2014-147886,,2014-01-04,First Class,DH-13075
CA-2013-113733,2013-09-12,,Standard Class,LH-16900
CA-2014-104913,,,Standard Class,DK-13090
CA-2011-145800,,2011-05-06,Standard Class,SS-20410
CA-2013-125850,,,Standard Class,FP-14320
CA-2013-118514,2013-03-02,2013-10-02,Standard Class,LC-17050
CA-2012-150749,,2012-03-04,Second Class,AS-10240
CA-2011-163748,,,Standard Class,HG-15025
CA-2012-119634,2012-11-08,,Standard Class,BW-11065
CA-2012-149300,,,First Class,BH-11710
US-2013-111528,,,Same Day,JP-16135
CA-2014-158169,,,First Class,JM-16195
CA-2012-162047,2012-03-11,2012-05-11,First Class,FH-14365
CA-2012-117772,2012-10-09,2012-12-09,Second Class,MC-17575
US-2011-126340,2011-08-11,,Standard Class,EB-13870
CA-2013-149685,2013-09-10,,Standard Class,PM-19135
CA-2014-126396,2014-09-09,,Second Class,AR-10345
CA-2012-154900,,2012-01-03,Standard Class,SS-20875
CA-2012-103835,,,Standard Class,SC-20440
CA-2012-158939,,2012-01-12,Standard Class,EA-14035
CA-2013-117408,2013-01-09,2013-07-09,Standard Class,TP-21130
CA-2013-142398,,,Standard Class,BP-11290
CA-2013-105277,2013-05-12,2013-09-12,Standard Class,LM-17065
CA-2013-112060,2013-05-12,2013-10-12,Standard Class,KT-16465
CA-2011-105270,2011-11-11,,Standard Class,AP-10915
US-2012-159513,2012-02-04,2012-09-04,Standard Class,JD-15790
CA-2012-155586,2012-12-12,,Second Class,XP-21865
CA-2014-141117,2014-03-10,2014-09-10,Standard Class,JK-16090
CA-2014-115070,2014-11-04,,Second Class,MG-18205
CA-2014-140186,,2014-03-10,First Class,PG-18820
CA-2011-124856,,2011-03-10,Second Class,LD-17005
CA-2011-166716,,,Second Class,CR-12730
CA-2011-123225,2011-11-07,,First Class,MN-17935
CA-2012-163440,,,First Class,RD-19900
US-2014-106796,,,Standard Class,JP-16135
CA-2014-113873,,,Standard Class,KE-16420
CA-2013-149783,2013-05-09,2013-08-09,Second Class,DL-13315
CA-2013-125017,2013-06-02,2013-11-02,Standard Class,KB-16240
US-2012-163279,,,Standard Class,JD-16150
CA-2012-150196,2012-02-07,2012-03-07,First Class,SR-20740
US-2012-106495,,,First Class,AC-10450
CA-2011-124730,,,Same Day,LS-17245
CA-2014-117632,,,Standard Class,CS-12175
CA-2011-115056,2011-02-05,2011-02-05,Same Day,AR-10510
CA-2014-161067,2014-04-09,2014-07-09,Second Class,KB-16405
CA-2013-122063,2013-04-12,2013-08-12,Standard Class,MM-17920
CA-2012-111206,,,Standard Class,RF-19735
CA-2013-142895,,,Standard Class,BP-11290
CA-2012-101868,2012-09-06,,Standard Class,MJ-17740
CA-2014-133207,,2014-04-12,Standard Class,DO-13645
CA-2012-132948,,2012-03-04,Standard Class,MV-17485
CA-2012-134992,,,Second Class,MG-17875
CA-2012-126725,,,Standard Class,BS-11665
CA-2012-121783,2012-10-11,,Standard Class,PO-19180
US-2011-138835,2011-10-09,,Standard Class,DA-13450
CA-2012-112214,2012-05-08,2012-11-08,Standard Class,AH-10690
US-2014-153255,2014-04-09,2014-08-09,Second Class,JK-15730
CA-2012-108119,2012-01-11,2012-08-11,Standard Class,MS-17530
CA-2012-157434,,2012-04-05,Second Class,JK-15640
CA-2013-101525,2013-02-05,2013-05-05,Second Class,CM-12235
US-2011-117968,2011-05-08,2011-07-08,Second Class,RS-19420
CA-2013-158211,2013-04-01,2013-08-01,Standard Class,BP-11185
CA-2013-152247,2013-08-11,,Standard Class,MA-17995
CA-2013-128223,,,Same Day,EB-13705
CA-2013-154235,,,Standard Class,RD-19900
CA-2014-129910,,2014-04-04,Standard Class,ME-17320
CA-2014-133095,2014-05-06,2014-05-06,Same Day,EH-14005
CA-2012-130554,2012-07-04,2012-09-04,First Class,FM-14290
CA-2011-152443,,,Standard Class,FG-14260
CA-2013-133319,2013-06-09,2013-12-09,Standard Class,MV-17485
CA-2013-133935,,,Standard Class,JW-15220
CA-2013-136301,,,Second Class,EH-13765
US-2011-109456,,,Same Day,LS-17245
CA-2014-151596,2014-09-10,2014-12-10,First Class,BP-11050
CA-2012-147879,2012-07-05,2012-12-05,Standard Class,CC-12220
CA-2013-166625,,,First Class,JM-15580
CA-2013-146157,,,Standard Class,RD-19720
CA-2014-159954,2014-11-09,,Standard Class,SS-20410
CA-2014-100825,2014-10-09,,Standard Class,KD-16495
CA-2011-168305,2011-01-11,2011-08-11,Standard Class,PL-18925
CA-2013-167682,2013-04-04,2013-10-04,Standard Class,ZD-21925
CA-2014-108000,,,Standard Class,LS-16945
CA-2012-146465,,,Standard Class,PB-18805
CA-2013-159639,,2013-03-12,Standard Class,PC-18745
US-2014-153948,2014-07-11,2014-07-11,Same Day,FM-14290
US-2013-113985,2013-03-12,2013-08-12,Standard Class,KD-16495
CA-2013-155383,,,Standard Class,SC-20680
CA-2011-120432,,,Second Class,DW-13585
US-2012-126977,,,Standard Class,PF-19120
CA-2013-130288,,2013-01-12,Second Class,DK-13225
CA-2014-146458,,,Second Class,RB-19435
CA-2014-150420,2014-04-06,2014-09-06,Standard Class,GD-14590
US-2011-118997,2011-08-04,2011-12-04,Standard Class,RA-19885
CA-2011-114314,2011-11-10,,Standard Class,DB-13555
US-2014-169551,2014-08-07,2014-10-07,First Class,RL-19615
CA-2013-103107,2013-05-07,2013-05-07,Same Day,RB-19465
CA-2014-122077,,,Standard Class,JF-15295
CA-2014-112431,,,Second Class,RW-19690
CA-2013-151092,2013-07-08,,Standard Class,VG-21790
CA-2011-104178,,,Standard Class,JM-15265
CA-2012-115924,,,Second Class,BE-11455
CA-2014-161046,2014-06-03,2014-06-03,Same Day,CB-12535
US-2014-141698,,,Standard Class,SD-20485
US-2011-105151,,,First Class,SG-20890
CA-2011-155796,2011-11-11,,Second Class,TS-21430
CA-2013-127138,,,Second Class,DK-13225
CA-2014-150602,2014-10-02,,Second Class,ML-17395
CA-2011-140732,2011-11-11,,Second Class,MA-17560
CA-2014-119011,,,Standard Class,LR-17035
CA-2013-166912,,,First Class,BE-11335
CA-2011-141726,,,First Class,CC-12145
CA-2014-115105,2014-07-02,2014-12-02,Standard Class,BD-11770
CA-2012-143980,,,Standard Class,JK-15640
CA-2013-135636,2013-09-10,,Standard Class,DB-13615
CA-2014-102155,,,Standard Class,RR-19525
CA-2014-116953,,,First Class,SV-20935
CA-2011-117765,2011-07-09,,Standard Class,RB-19465
CA-2013-114895,,,Standard Class,MV-18190
CA-2014-112984,,,Second Class,EH-14185
CA-2013-163776,,,Standard Class,JS-16030
US-2014-163300,,,Standard Class,ES-14020
CA-2013-162187,2013-12-12,2013-12-12,Same Day,NS-18640
US-2011-112991,2011-10-12,,Standard Class,SH-19975
CA-2011-124079,,,Standard Class,RF-19345
US-2014-146878,,,Standard Class,DL-12865
CA-2014-107244,2014-08-09,2014-12-09,Standard Class,AG-10390
CA-2012-100657,2012-02-11,2012-07-11,Standard Class,SW-20245
CA-2014-129581,2014-12-12,,Standard Class,KN-16390
CA-2014-129028,2014-02-04,2014-04-04,First Class,GB-14530
CA-2012-135580,,2013-03-01,Standard Class,CL-12565
CA-2013-159016,2013-11-03,2013-12-03,First Class,KF-16285
CA-2011-102652,2011-06-04,2011-12-04,Standard Class,AY-10555
CA-2011-152422,2011-05-10,2011-10-10,Second Class,BD-11635
US-2013-156692,,,Same Day,HG-15025
CA-2011-130869,,,Standard Class,CB-12025
US-2014-128832,,,First Class,LS-16945
CA-2014-139717,,,Second Class,DM-13015
CA-2014-136007,,2014-03-03,Standard Class,AC-10615
CA-2013-157364,,,First Class,LT-17110
US-2013-112970,,,First Class,TB-21250
US-2014-152492,2014-07-07,2014-07-07,Same Day,AH-10585
CA-2013-101168,,2014-02-01,Standard Class,SS-20140
CA-2014-104010,,,First Class,TD-20995
CA-2012-130253,,,Standard Class,PP-18955
US-2012-155369,,,Standard Class,PG-18820
CA-2013-131205,2013-05-09,2013-09-09,Standard Class,AA-10645
CA-2014-122364,,,Standard Class,FA-14230
CA-2013-117912,2013-04-02,2013-08-02,Standard Class,TB-21520
CA-2014-145702,,,Second Class,AH-10075
CA-2012-113215,2012-03-09,2012-08-09,Standard Class,CP-12085
CA-2013-154662,2013-10-06,,Standard Class,BF-11215
CA-2012-105571,2012-07-11,2012-11-11,Standard Class,CP-12340
CA-2013-152765,,,First Class,LS-17245
CA-2012-153878,,,Standard Class,TS-21655
CA-2013-124016,,,Second Class,JS-15940
CA-2013-113551,,,First Class,NF-18385
CA-2011-107524,2011-02-03,2011-08-03,Standard Class,KN-16705
CA-2011-138072,,2012-03-01,Standard Class,GA-14725
CA-2012-134201,2012-10-04,,Standard Class,EH-14125
CA-2012-111780,,,Second Class,RA-19285
CA-2012-119942,2012-05-04,2012-07-04,First Class,TT-21070
CA-2012-151547,,,Standard Class,AH-10465
CA-2014-166695,,,Standard Class,CC-12430
CA-2014-167542,,,Standard Class,KD-16495
CA-2012-120901,,2013-04-01,Standard Class,BG-11035
CA-2014-121398,,,Standard Class,FH-14365
CA-2013-151561,2013-02-09,2013-08-09,Standard Class,PG-18820
CA-2014-154676,2014-06-08,2014-09-08,First Class,NZ-18565
US-2011-165589,,,Same Day,TB-21595
US-2013-132577,,,Standard Class,JE-15475
CA-2012-114048,,,Standard Class,EH-13945
CA-2012-137281,,,Standard Class,BF-10975
US-2014-162068,,2015-01-01,Second Class,PC-18745
CA-2014-100111,,,Standard Class,SV-20365
US-2014-132381,,,First Class,Dp-13240
CA-2012-147011,,,Standard Class,HR-14830
CA-2011-120852,,,Standard Class,WB-21850
CA-2013-150007,2013-12-09,,Standard Class,AS-10090
CA-2013-124590,,,Standard Class,SP-20920
CA-2013-133802,,,Standard Class,SP-20650
US-2013-113677,,,Standard Class,CM-12655
CA-2014-143378,,,Standard Class,JR-16210
CA-2014-152660,2014-05-12,2014-10-12,Standard Class,CB-12415
CA-2012-142139,,2012-05-09,Standard Class,SD-20485
CA-2014-145772,2014-04-06,2014-08-06,Standard Class,SS-20140
CA-2013-124100,2013-01-04,2013-07-04,Standard Class,EH-13990
US-2011-158400,,,First Class,AH-10030
CA-2014-162033,,2014-03-04,Standard Class,EM-14200
CA-2011-163447,,,Standard Class,TB-21190
CA-2014-145737,,,Standard Class,AB-10165
CA-2013-148096,,,First Class,AO-10810
CA-2013-146766,2013-05-11,2013-05-11,Same Day,TT-21220
CA-2012-105613,,,Standard Class,KN-16705
US-2013-142251,2013-01-11,2013-05-11,Second Class,FO-14305
CA-2011-131247,,2011-04-04,Standard Class,GA-14725
US-2012-113593,,,First Class,NC-18415
CA-2014-121083,2014-10-07,,Standard Class,JF-15190
CA-2014-151190,,2014-02-07,Standard Class,GT-14710
CA-2011-133543,,,Standard Class,KM-16660
CA-2014-105130,,,Standard Class,PJ-18835
CA-2013-161928,,,Second Class,AC-10660
CA-2014-101322,,2015-01-01,First Class,JG-15310
US-2013-106600,2013-09-04,2013-12-04,First Class,RM-19375
CA-2011-111871,,,Second Class,EK-13795
CA-2014-139437,2014-04-07,2014-09-07,Standard Class,RD-19585
CA-2014-151484,,,First Class,CV-12805
CA-2013-104150,2013-04-08,2013-06-08,Second Class,AG-10330
CA-2013-161025,2013-04-12,2013-10-12,Standard Class,GM-14440
CA-2011-103989,,,First Class,MC-17605
CA-2012-142433,,,Standard Class,ES-14020
CA-2012-132815,,,Second Class,RW-19540
CA-2011-101266,,,Second Class,MM-17920
CA-2013-141523,,,Second Class,MH-17440
US-2011-106299,2011-02-08,2011-08-08,Standard Class,NZ-18565
CA-2012-158421,,,Standard Class,GB-14575
CA-2013-143609,2013-12-12,,First Class,DB-13270
CA-2012-138331,2012-07-08,2012-12-08,Standard Class,JK-15625
CA-2012-138954,,,First Class,MH-17785
CA-2014-157903,2014-05-04,2014-09-04,Standard Class,AM-10705
CA-2013-157259,,,Standard Class,JM-15535
CA-2014-107986,,,Same Day,MW-18220
CA-2014-104927,,,Standard Class,AG-10330
CA-2014-113453,,,Standard Class,CM-12160
CA-2012-149909,,,Standard Class,RA-19915
CA-2012-146675,,,Standard Class,SB-20185
CA-2013-118332,,,Standard Class,PK-19075
CA-2013-133669,,,Standard Class,SV-20935
CA-2014-145660,2014-02-12,2014-04-12,First Class,MG-17650
CA-2013-133697,,,Second Class,CM-12445
CA-2014-148138,,2014-04-10,Standard Class,ME-18010
CA-2014-119809,,,Standard Class,YS-21880
CA-2014-149944,,,Second Class,MB-17305
CA-2011-128538,2011-11-10,,Standard Class,AS-10240
CA-2012-161711,,2012-03-12,Standard Class,MC-17425
US-2012-129553,,2012-02-08,Standard Class,PG-18820
CA-2013-160220,,,Standard Class,JS-16030
US-2014-157224,,,Second Class,JB-16000
CA-2014-140627,,,Standard Class,DK-12985
CA-2012-133445,2012-05-10,2012-09-10,Standard Class,JF-15490
CA-2011-148782,2011-02-11,2011-07-11,Standard Class,PO-18850
CA-2013-148208,,,Standard Class,BT-11530
CA-2014-127656,2014-12-07,,Standard Class,NW-18400
US-2014-142188,2014-12-09,2014-12-09,Same Day,JF-15415
CA-2013-144400,,,Standard Class,AC-10420
US-2013-155180,,,Standard Class,TB-21280
CA-2012-134075,2012-12-12,,Standard Class,HA-14905
US-2013-131912,,2013-02-11,Second Class,LH-17155
CA-2014-141572,,2014-01-06,Second Class,LO-17170
CA-2011-134621,,,Standard Class,DP-13390
CA-2013-165561,,,Standard Class,CR-12580
CA-2012-112305,,,Standard Class,KB-16405
CA-2014-121580,,2014-05-06,Standard Class,ML-17410
CA-2011-101147,2011-02-12,2011-04-12,First Class,MC-17575
CA-2011-165806,2011-07-04,2011-07-04,Same Day,VM-21685
CA-2012-151624,2012-08-09,,Standard Class,VW-21775
CA-2014-139444,2014-10-09,,Standard Class,GK-14620
CA-2012-133977,2012-06-09,2012-08-09,Second Class,AT-10435
CA-2014-141425,2014-03-11,2014-07-11,Second Class,AR-10825
CA-2012-133536,,,Second Class,JH-15820
CA-2012-150441,,,Second Class,RA-19285
CA-2012-162607,2012-12-05,,Standard Class,RO-19780
CA-2014-103506,,,Standard Class,LR-17035
CA-2013-132479,,,First Class,MK-17905
CA-2014-160724,2014-06-05,2014-11-05,Standard Class,YS-21880
US-2013-115952,2013-07-10,2013-07-10,Same Day,JH-15910
CA-2011-146731,2011-03-11,2011-08-11,Standard Class,AT-10735
CA-2012-115392,2012-01-10,2012-04-10,Second Class,RM-19675
CA-2014-102379,2014-03-12,2014-07-12,Standard Class,BB-11545
CA-2014-149706,2014-12-12,,First Class,AS-10285
US-2013-139087,,,Second Class,DK-13375
CA-2014-152226,,,Standard Class,JH-15910
CA-2012-116484,,,Standard Class,JK-15205
CA-2013-100944,,,Standard Class,EH-13765
CA-2013-125080,,,Standard Class,VW-21775
CA-2013-121020,,2013-01-11,Standard Class,CG-12040
CA-2011-100090,2011-08-07,2011-12-07,Standard Class,EB-13705
US-2012-139675,,,Second Class,NF-18595
CA-2014-143756,2014-03-12,2014-06-12,First Class,ME-17725
CA-2012-151253,,,Standard Class,AZ-10750
CA-2011-141152,,,First Class,RF-19345
CA-2011-141313,,2012-01-01,Standard Class,AJ-10780
CA-2011-169852,,,Standard Class,SF-20965
CA-2014-107314,2014-01-12,2014-04-12,First Class,MZ-17335
US-2011-161305,2011-06-06,2011-12-06,Standard Class,SB-20170
CA-2014-166919,,,Standard Class,AH-10210
CA-2014-162712,,,Second Class,NK-18490
CA-2014-107552,2014-06-05,2014-06-05,Same Day,AI-10855
CA-2013-163328,2013-05-11,2013-07-11,Second Class,TP-21565
CA-2011-112837,2011-11-09,,Standard Class,LW-17125
CA-2014-120019,,,Standard Class,NG-18355
CA-2011-100762,,,Standard Class,NG-18355
CA-2014-161459,,,Second Class,EB-13750
CA-2014-160017,,2014-03-10,Standard Class,SP-20860
CA-2011-123316,,,Standard Class,SP-20545
CA-2011-141299,2011-03-06,2011-07-06,Second Class,RB-19795
CA-2011-104402,,,Standard Class,DB-13660
CA-2012-110289,,2012-02-11,Standard Class,NB-18655
CA-2011-167927,,,Standard Class,XP-21865
CA-2011-133305,2011-11-07,,Standard Class,MH-17455
CA-2013-165995,,2013-07-09,Standard Class,BG-11740
CA-2014-143112,2014-06-10,2014-10-10,Standard Class,TS-21370
US-2014-105830,2014-01-01,2014-03-01,First Class,DB-13660
CA-2012-146255,2012-07-03,2012-10-03,First Class,EM-14140
CA-2014-104822,,,Same Day,RB-19465
CA-2012-104486,2012-01-05,2012-06-05,Standard Class,PO-18850
CA-2014-161557,2014-04-09,2014-09-09,Standard Class,AG-10900
CA-2014-161130,2014-04-11,2014-09-11,Standard Class,BF-11275
US-2012-161347,,,Standard Class,HG-14845
US-2012-109015,2012-06-09,2012-12-09,Standard Class,BS-11590
CA-2011-110611,2011-06-10,,Standard Class,JD-16015
CA-2014-139080,,,Standard Class,CS-12250
CA-2012-115693,2012-10-12,,Standard Class,FC-14245
US-2011-107993,,,Standard Class,SE-20110
CA-2014-110443,,,Standard Class,CK-12205
CA-2014-144848,2014-05-04,2014-06-04,First Class,DS-13030
US-2014-147998,,,Standard Class,SA-20830
CA-2013-103919,2013-04-10,2013-08-10,Standard Class,TP-21565
CA-2013-113425,,,Same Day,JK-16120
CA-2014-143035,2014-04-10,2014-06-10,Second Class,CC-12430
CA-2011-107811,,2011-03-05,Standard Class,LA-16780
CA-2013-163216,2013-08-10,2013-11-10,First Class,AW-10930
US-2013-116442,,,Standard Class,BP-11230
CA-2014-150623,2014-11-04,,Standard Class,DB-13360
US-2011-163797,2011-08-04,,Standard Class,PC-19000
CA-2013-127236,,2013-03-04,Standard Class,TB-21595
US-2014-104661,,,First Class,TB-21250
CA-2011-134103,,2011-05-02,Standard Class,MV-18190
CA-2012-147529,2012-07-02,2012-11-02,Standard Class,DK-12835
CA-2013-129126,,,Standard Class,PK-19075
CA-2014-131632,2014-01-11,2014-05-11,Standard Class,AH-10120
CA-2014-151981,2014-07-08,,Standard Class,GM-14455
CA-2014-125472,,2014-01-06,First Class,BD-11725
CA-2012-156328,,2012-05-12,Standard Class,RM-19375
CA-2014-154074,2014-01-09,2014-03-09,Second Class,BW-11110
CA-2014-161774,,,First Class,GT-14710
CA-2014-151211,,,Standard Class,AH-10120
CA-2014-142671,2014-11-11,,Second Class,DR-12940
CA-2014-144750,,,Same Day,DL-13495
CA-2013-111976,2013-09-03,,Standard Class,BD-11620
CA-2013-140130,2013-01-11,2013-06-11,Standard Class,HW-14935
CA-2011-159121,,2011-01-08,Standard Class,JO-15145
CA-2012-149650,,,First Class,RD-19660
CA-2014-115777,,,Standard Class,DO-13645
CA-2013-143714,,,Standard Class,CC-12370
CA-2011-165764,2011-03-11,2011-07-11,Standard Class,SH-20395
CA-2012-121405,,2012-04-04,Standard Class,FC-14335
US-2014-116897,,,First Class,JG-15160
US-2014-113992,,,Standard Class,LC-16885
CA-2011-166891,2011-04-10,2011-06-10,First Class,CC-12220
CA-2013-101161,,,Standard Class,BW-11110
CA-2012-151785,2012-05-03,2012-10-03,Standard Class,JJ-15445
US-2014-119816,2014-05-03,2014-07-03,Second Class,TT-21460
CA-2012-156510,,,Standard Class,EH-13990
US-2012-110261,,,Second Class,PR-18880
CA-2012-125710,2012-08-10,,Standard Class,BT-11680
CA-2014-161102,2014-01-08,2014-04-08,First Class,EC-14050
CA-2011-110065,2011-05-08,2011-11-08,Standard Class,SP-20650
US-2014-133361,,,First Class,AJ-10780
US-2013-155404,,,Standard Class,AS-10630
CA-2012-114503,,,Standard Class,AA-10375
CA-2014-153080,,,Second Class,EH-13945
CA-2013-163804,2013-03-12,2013-09-12,Standard Class,DB-13270
CA-2012-108532,,2012-02-09,Standard Class,CC-12100
CA-2011-151897,2011-06-06,2011-10-06,Standard Class,VT-21700
CA-2013-113292,,,Second Class,DB-13060
CA-2011-149524,,,First Class,BS-11590
CA-2014-140872,2014-04-06,2014-11-06,Standard Class,NR-18550
CA-2014-113908,2014-04-06,2014-10-06,Standard Class,KN-16390
CA-2012-120621,,,Standard Class,JW-16075
US-2014-148866,,,Standard Class,JM-15535
CA-2011-149594,,,Standard Class,MF-18250
CA-2013-113845,,,Standard Class,FA-14230
CA-2014-111262,,2014-02-11,Second Class,KH-16510
CA-2012-103135,,,Standard Class,SS-20515
CA-2011-129147,2011-02-11,2011-06-11,Standard Class,LC-17050
CA-2014-128265,,,Second Class,VW-21775
CA-2013-152331,,2013-01-07,Standard Class,LD-16855
US-2013-128909,2013-10-10,2013-12-10,Second Class,SP-20545
CA-2014-102197,,,Standard Class,DK-13150
CA-2014-167640,2014-07-03,2014-11-03,Standard Class,FC-14245
US-2014-116652,,,Standard Class,RD-19480
CA-2014-138289,,,Second Class,AR-10540
CA-2013-129308,2013-08-07,,Standard Class,CC-12100
CA-2013-157791,,,Second Class,CA-11965
CA-2011-146864,,,Standard Class,BT-11530
CA-2011-103744,,,Standard Class,MG-17875
US-2014-107384,2014-05-12,2014-09-12,Standard Class,TP-21130
CA-2011-128209,,,Standard Class,GT-14710
CA-2011-169684,,,First Class,FH-14365
CA-2012-109862,,,Standard Class,HK-14890
US-2014-107888,,,First Class,CC-12220
US-2014-154872,,,Standard Class,DP-13000
CA-2011-113880,2011-01-03,2011-05-03,Standard Class,VF-21715
US-2012-164966,,2012-01-08,First Class,GH-14410
CA-2012-126739,2012-01-11,2012-03-11,Second Class,JH-16180
CA-2014-161578,,,Second Class,RB-19465
CA-2011-137092,,,Second Class,LS-16975
CA-2012-166947,2012-05-06,2012-10-06,Standard Class,EB-13750
CA-2013-160941,,,Standard Class,DK-12835
CA-2014-144680,2014-01-04,2014-03-04,First Class,SC-20260
CA-2011-166086,2011-07-05,2011-12-05,Standard Class,CT-11995
CA-2014-131282,2014-06-02,2014-09-02,Second Class,CB-12025
CA-2011-100678,,,Standard Class,KM-16720
CA-2013-161543,2013-11-05,,Standard Class,RD-19720
CA-2013-160535,,2013-01-12,Standard Class,BP-11050
CA-2014-123085,2014-04-03,2014-09-03,Standard Class,EJ-13720
CA-2012-153752,2012-06-12,2012-11-12,Second Class,RO-19780
CA-2011-103660,,,Standard Class,MW-18220
CA-2013-169887,,,Same Day,MS-17530
CA-2013-148516,2013-08-08,2013-12-08,Standard Class,DW-13585
CA-2014-104731,,,Standard Class,AM-10705
CA-2011-164749,,,First Class,BG-11740
CA-2012-103716,,2012-06-05,Standard Class,KB-16585
CA-2013-126795,,,Second Class,GT-14710
CA-2012-146290,2012-04-05,2012-11-05,Standard Class,SV-20815
CA-2014-157112,,,First Class,GG-14650
CA-2011-169257,2011-06-06,2011-12-06,Standard Class,SV-20785
CA-2011-154095,2011-02-12,2011-07-12,Standard Class,ON-18715
CA-2014-146346,,,First Class,RA-19945
CA-2013-148852,,2013-01-06,Standard Class,SV-20785
US-2012-118906,2012-10-03,2012-10-03,Same Day,KB-16585
CA-2013-168921,,,First Class,AG-10495
CA-2012-107678,,,Standard Class,JK-16090
CA-2013-123512,,,First Class,MV-18190
US-2014-167402,,,Second Class,CP-12085
CA-2011-130449,2011-06-09,2011-09-09,First Class,VP-21760
CA-2012-141250,,,Standard Class,PM-18940
CA-2011-145541,,,Standard Class,TB-21400
CA-2011-138513,,,Standard Class,EH-13990
CA-2012-135489,,,Second Class,GW-14605
CA-2012-125696,2012-02-10,2012-06-10,Standard Class,NP-18685
CA-2013-105081,,,Standard Class,JE-15715
US-2013-146857,2013-07-05,2013-09-05,Second Class,BE-11455
CA-2013-166275,,,Same Day,SS-20590
CA-2014-144498,2014-07-05,2014-07-05,Same Day,MB-18085
CA-2014-103352,,2014-01-12,Second Class,RP-19390
CA-2011-108609,,2011-02-11,Second Class,AJ-10780
CA-2014-128328,2014-06-08,2014-10-08,Standard Class,PO-18865
US-2012-156496,2012-10-08,,Standard Class,WB-21850
US-2013-127334,,,Standard Class,MP-18175
US-2014-124779,2014-09-09,2014-12-09,First Class,BF-11020
CA-2014-135937,,,Standard Class,KM-16375
CA-2012-129322,2012-08-08,2012-10-08,Second Class,DB-13405
CA-2014-162173,,2014-02-11,Standard Class,OT-18730
CA-2013-115483,,,Second Class,JS-15880
CA-2014-122175,,,Second Class,CA-12775
CA-2014-161088,,,Standard Class,MH-18115
CA-2011-154837,,,Second Class,RB-19645
CA-2012-153794,2012-11-09,,Standard Class,SB-20290
CA-2012-135510,2012-05-09,2012-12-09,Standard Class,TW-21025
CA-2012-109337,,,Second Class,DL-13330
CA-2011-150329,2011-10-10,,Standard Class,SD-20485
CA-2014-145037,2014-03-09,2014-08-09,Second Class,TB-21055
CA-2014-154466,2014-02-01,2014-03-01,First Class,DP-13390
CA-2011-109134,2011-05-11,2011-10-11,Standard Class,DE-13255
US-2012-129637,,,Standard Class,MC-18100
CA-2012-165162,,,Standard Class,HG-15025
CA-2014-140494,2014-11-03,,Second Class,CM-11815
CA-2014-104108,2014-03-12,2014-10-12,Standard Class,RP-19855
US-2014-165869,2014-01-08,2014-06-08,Standard Class,LS-17200
CA-2014-160899,2014-12-08,,Second Class,DR-12940
CA-2014-144225,2014-01-10,2014-03-10,Second Class,CC-12475
US-2013-163538,,,Standard Class,SS-20515
US-2013-155103,2013-03-12,2013-08-12,Standard Class,JF-15190
CA-2014-145429,,,Standard Class,SW-20455
CA-2012-153535,,,Standard Class,SG-20470
CA-2012-139164,,,Standard Class,CS-12355
CA-2013-112277,2013-11-09,,Standard Class,SC-20695
CA-2011-167724,,,Standard Class,BF-11170
CA-2012-123141,,,Standard Class,GZ-14470
CA-2013-149503,2013-10-12,,First Class,SP-20650
CA-2014-163069,,,Second Class,PJ-19015
CA-2014-107629,,,Same Day,DB-13060
CA-2013-134789,2013-09-04,,Standard Class,CK-12325
CA-2013-130442,,,First Class,SF-20065
CA-2014-102974,,,Standard Class,DP-13105
US-2014-166394,2014-05-09,2014-07-09,Second Class,VM-21835
CA-2013-128811,,,Standard Class,SF-20200
CA-2014-145443,2014-11-08,,Second Class,SC-20695
CA-2013-165827,2013-05-11,2013-10-11,Standard Class,MF-17665
CA-2012-156734,,,First Class,BV-11245
CA-2011-120096,2011-04-07,2011-07-07,First Class,KE-16420
CA-2012-141754,,,Standard Class,EM-14200
CA-2013-123358,2013-11-04,,Standard Class,BT-11680
CA-2011-144029,,,Standard Class,MM-18055
US-2014-101784,2014-07-07,2014-12-07,Standard Class,PO-18850
CA-2012-156923,,,Standard Class,SP-20860
CA-2014-111269,,,Second Class,CS-12355
CA-2014-159156,,,First Class,KB-16600
CA-2014-100230,2014-12-12,,Standard Class,AA-10375
CA-2013-154767,,2013-01-07,Second Class,BP-11155
CA-2014-124205,,,Standard Class,TC-21145
CA-2014-165715,2014-03-12,2014-09-12,Standard Class,BG-11035
CA-2014-100636,,2014-01-07,Standard Class,DO-13435
CA-2013-162943,,,Second Class,DB-12970
CA-2013-144764,2013-03-09,2013-09-09,Standard Class,RL-19615
CA-2014-100615,,,Standard Class,SJ-20215
CA-2011-109302,2011-12-08,,Standard Class,CS-12175
CA-2014-139787,,,Standard Class,JP-16135
CA-2014-139402,2014-10-12,,Standard Class,NC-18535
CA-2013-119018,2013-05-11,2013-09-11,Standard Class,CW-11905
CA-2012-105361,,2012-04-04,Standard Class,CM-12115
US-2013-152373,2013-06-09,2013-12-09,Standard Class,PT-19090
US-2014-166037,,2014-02-02,Standard Class,CL-12700
US-2013-147711,2013-04-09,2013-09-09,Second Class,HF-14995
CA-2014-121293,,,Second Class,JC-15775
CA-2012-118843,,,Standard Class,JH-15910
CA-2012-161445,2012-07-09,2012-09-09,Second Class,CC-12610
CA-2013-124527,,,First Class,IM-15055
CA-2013-162348,2013-11-11,,Standard Class,BF-11170
CA-2011-141005,,,First Class,CS-12355
CA-2012-145394,,,Standard Class,MC-17605
CA-2012-168809,,,Same Day,MC-18100
CA-2013-109827,,2014-02-01,Standard Class,LW-16825
CA-2011-152233,2011-05-10,2011-06-10,First Class,KH-16510
CA-2011-125682,,,First Class,RB-19645
CA-2014-162880,,,Standard Class,GD-14590
CA-2012-128125,,2012-05-04,Standard Class,EB-13705
CA-2014-156237,,,First Class,PS-18760
CA-2011-144414,,,Standard Class,GH-14425
CA-2014-163860,,2015-02-01,Standard Class,LO-17170
US-2014-115609,2014-03-11,2014-08-11,Standard Class,CS-12505
CA-2012-154291,,,Standard Class,YS-21880
CA-2013-118689,2013-03-10,2013-10-10,Standard Class,TC-20980
CA-2013-140438,,,Second Class,PW-19030
US-2014-123204,,,Standard Class,CS-11860
CA-2012-112522,2012-10-10,,Standard Class,DP-13165
CA-2013-153101,2013-09-09,2013-09-09,Same Day,PJ-19015
CA-2013-142615,,,Standard Class,BM-11575
CA-2014-142643,,,Standard Class,DL-13495
CA-2012-116260,2012-06-07,2012-12-07,Standard Class,BF-10975
CA-2014-107517,2014-06-02,2014-10-02,Standard Class,FC-14335
CA-2012-166338,2012-06-12,2012-07-12,First Class,MP-18175
CA-2013-123946,,,Standard Class,AJ-10795
CA-2011-147543,2011-06-07,2011-12-07,Standard Class,BC-11125
US-2013-159093,2013-10-05,,Standard Class,RS-19420
CA-2013-162110,,,Standard Class,NP-18670
US-2013-163461,,,First Class,BT-11440
CA-2011-101462,,,Standard Class,BP-11230
US-2013-100461,2013-08-01,2013-12-01,Standard Class,JO-15145
US-2014-162670,,,Second Class,MF-18250
CA-2014-128965,,,Standard Class,PS-18760
CA-2014-138618,2014-02-12,2014-09-12,Standard Class,MY-17380
US-2013-126452,,,Standard Class,SC-20230
CA-2013-145009,2013-06-12,2013-09-12,Second Class,RF-19345
CA-2012-162544,,,First Class,SG-20080
CA-2011-124394,,,Second Class,TB-21520
US-2013-121013,2013-06-09,2013-11-09,Standard Class,MM-17920
US-2012-123918,,,Same Day,CG-12520
CA-2012-137113,2012-01-12,2012-05-12,Second Class,TW-21025
CA-2012-120677,,2012-04-06,Standard Class,BD-11320
CA-2014-123036,2014-11-09,,Standard Class,HA-14905
CA-2014-120222,,2014-03-05,Standard Class,LL-16840
CA-2014-164756,,,Standard Class,SS-20140
CA-2014-122028,,,Standard Class,CK-12205
US-2012-165512,,,Second Class,VS-21820
CA-2012-140557,2012-07-09,2012-11-09,Standard Class,TN-21040
US-2014-135013,,,Same Day,HR-14830
CA-2014-111220,2014-03-09,2014-09-09,Standard Class,JS-15595
US-2014-149006,2014-07-12,2014-09-12,Second Class,BN-11470
CA-2014-149468,,,Same Day,AR-10405
CA-2013-140249,,2013-04-10,Standard Class,SW-20455
US-2014-135503,2014-11-12,,Standard Class,JE-16165
CA-2011-126277,,,Second Class,LH-16900
US-2014-115301,,2014-03-08,Standard Class,VG-21790
CA-2014-168942,2014-02-08,2014-06-08,Second Class,EM-13960
US-2014-128398,2014-03-05,2014-06-05,Second Class,EM-13825
CA-2012-104115,2012-12-06,,Standard Class,JH-15910
CA-2011-142510,,,Standard Class,NP-18700
CA-2011-124247,,,Standard Class,SH-20635
CA-2013-105473,,,Second Class,BM-11785
CA-2012-102806,,,Standard Class,HG-14965
CA-2014-121706,,2014-03-03,Standard Class,BM-11140
CA-2014-109211,2014-05-04,2014-11-04,Standard Class,PS-19045
CA-2012-134257,,,Second Class,MS-17710
CA-2012-137925,,2012-04-12,Standard Class,JL-15235
CA-2013-140046,,2013-04-08,Standard Class,KM-16660
CA-2013-140382,,,Second Class,RD-19900
CA-2011-164182,,,Standard Class,ST-20530
CA-2014-137365,2014-01-12,2014-04-12,Second Class,BP-11095
CA-2013-129847,2013-03-09,2013-05-09,First Class,TA-21385
CA-2011-126963,,,Same Day,PS-18760
CA-2013-125094,2013-06-11,2013-10-11,Standard Class,NP-18700
CA-2014-107132,,2014-01-07,Standard Class,SC-20260
CA-2012-139248,,,Standard Class,RD-19930
CA-2011-148369,,,Standard Class,TH-21115
CA-2013-106243,2013-01-10,2013-05-10,Standard Class,GM-14680
CA-2012-126466,2012-09-11,,Standard Class,JO-15550
CA-2012-130365,,,Standard Class,ZC-21910
CA-2014-143021,,,Same Day,AP-10720
CA-2012-161767,,,Standard Class,GK-14620
CA-2012-129917,2012-02-10,2012-03-10,First Class,HM-14980
CA-2012-115420,,2012-02-05,Standard Class,LS-16945
CA-2013-157588,,,Standard Class,AR-10570
CA-2012-167255,,,Second Class,RH-19510
CA-2014-162096,2014-11-11,2014-11-11,Same Day,TB-21190
CA-2013-157161,,,Second Class,JD-15895
CA-2012-110765,,,Second Class,MP-17965
CA-2013-163937,2013-10-01,,Second Class,JB-16000
CA-2014-153822,,,Standard Class,AB-10105
CA-2014-146185,,,Standard Class,CC-12145
CA-2012-112144,,2012-02-07,Standard Class,CY-12745
US-2013-119298,,,First Class,EP-13915
CA-2014-155159,,,Second Class,DL-13315
CA-2014-149076,,,Standard Class,SO-20335
CA-2011-146990,2011-07-11,2011-08-11,First Class,BP-11095
CA-2013-116526,2013-02-09,2013-06-09,Standard Class,JA-15970
CA-2014-158561,2014-12-11,,Second Class,BB-11545
CA-2014-165099,2014-12-12,,First Class,DK-13375
CA-2012-109386,2012-08-11,,Second Class,RH-19600
CA-2012-166800,,,Standard Class,AG-10300
CA-2014-117443,,,Second Class,JB-15400
US-2013-134369,,,Standard Class,BC-11125
CA-2014-123687,,,First Class,KC-16675
CA-2012-104871,,2012-03-04,Standard Class,DR-12940
CA-2011-133158,,,Second Class,DW-13195
CA-2011-126333,,,Standard Class,ME-18010
CA-2012-141740,2012-01-11,2012-05-11,Standard Class,JF-15490
CA-2011-119466,,,Standard Class,SP-20860
CA-2012-154823,,,Standard Class,KN-16390
US-2011-135881,,,Standard Class,GT-14710
CA-2014-141201,2014-10-12,2014-12-12,Second Class,DB-12910
CA-2011-114790,2011-11-03,,Second Class,FM-14215
US-2013-154256,,,Second Class,SM-20005
CA-2011-124737,,,Standard Class,AP-10915
US-2014-101840,2014-07-02,,Standard Class,SP-20545
CA-2014-131653,,2014-06-02,Standard Class,RD-19585
US-2013-157840,,,Second Class,MC-17575
CA-2013-145548,2013-12-11,,Standard Class,EB-13750
CA-2014-119494,2014-10-11,,Standard Class,JE-15610
CA-2011-124618,2011-02-05,2011-04-05,Second Class,CS-11860
CA-2014-161970,,,Standard Class,PB-19105
CA-2014-103443,,,Standard Class,AT-10735
US-2014-165358,,,Standard Class,SV-20365
CA-2013-160136,2013-04-11,2013-10-11,Standard Class,PJ-18835
CA-2011-150581,2011-08-04,2011-12-04,Standard Class,NM-18445
CA-2013-119515,,,First Class,TR-21325
CA-2011-141355,,,Standard Class,BF-11005
CA-2013-165330,2013-12-12,2013-12-12,Same Day,WB-21850
CA-2012-132633,2012-03-02,2012-05-02,Second Class,KH-16630
CA-2013-157742,,2014-01-01,Second Class,KL-16645
CA-2014-127712,2014-01-09,2014-06-09,Standard Class,MG-17890
CA-2014-169474,2014-05-02,2014-10-02,Standard Class,JF-15355
CA-2011-106726,2011-06-12,2011-08-12,First Class,RS-19765
CA-2013-147473,,2013-04-06,Standard Class,NL-18310
CA-2013-114209,,,Standard Class,AS-10285
CA-2011-141901,2011-09-08,,Standard Class,GM-14500
CA-2013-164490,2013-06-09,2013-11-09,Second Class,SU-20665
CA-2013-112256,,,Standard Class,CK-12205
CA-2013-167416,,,Standard Class,JM-15580
CA-2013-106950,2013-03-09,2013-07-09,Standard Class,JE-15715
CA-2014-118724,,,Second Class,AR-10825
CA-2014-112004,,,First Class,AH-10075
US-2014-143175,2014-04-08,2014-07-08,Second Class,GA-14515
CA-2012-105844,,,Second Class,JF-15415
CA-2014-118864,,,Second Class,KH-16690
CA-2012-119480,2012-09-01,,Standard Class,CC-12685
US-2012-153374,2012-09-02,,Second Class,JF-15565
CA-2013-101980,,,First Class,RP-19390
CA-2014-144596,2014-07-11,2014-11-11,Standard Class,CD-11980
CA-2012-124933,,,Second Class,DF-13135
CA-2011-159625,,,Standard Class,SM-20005
CA-2013-144337,2013-02-08,2013-06-08,Second Class,SG-20890
CA-2011-117478,,,First Class,LH-16750
CA-2014-147410,2014-05-09,2014-09-09,Standard Class,EJ-14155
CA-2014-128944,,,Second Class,KH-16330
CA-2013-109666,,,Standard Class,KM-16720
US-2013-102239,2013-06-05,2013-07-05,First Class,LW-16990
CA-2011-143168,,,Second Class,IG-15085
CA-2014-104906,,,Standard Class,JP-15460
CA-2014-118122,,,Standard Class,GG-14650
US-2011-147774,,,Standard Class,MM-18280
CA-2014-166926,2014-02-12,2014-09-12,Standard Class,SO-20335
CA-2012-128013,2012-09-08,,Standard Class,MF-18250
CA-2013-123176,,,Second Class,JG-15160
US-2013-117541,,,Standard Class,JM-16195
CA-2013-166282,,,Standard Class,PK-19075
CA-2014-141439,,2014-02-12,Standard Class,TT-21460
CA-2012-163965,,,Standard Class,SS-20875
CA-2014-128783,2014-08-09,2014-08-09,Same Day,TG-21640
CA-2011-122217,,,Standard Class,HP-14815
US-2014-141558,2014-12-03,,Standard Class,MH-17290
CA-2013-139941,,,Standard Class,CB-12415
CA-2012-166583,,,Standard Class,VD-21670
CA-2014-100412,,,Standard Class,SR-20425
CA-2014-142909,,,Second Class,AG-10330
CA-2011-137911,2011-09-10,,Standard Class,BP-11095
CA-2012-106208,2012-10-12,,Standard Class,JW-16075
US-2012-136749,,,Second Class,LH-16900
CA-2014-126718,,2014-05-05,Standard Class,KT-16480
CA-2013-131380,,2013-01-04,Second Class,CC-12220
CA-2012-145835,,,Second Class,BF-11170
CA-2011-138709,2011-04-07,2011-09-07,Standard Class,MS-17770
CA-2011-122070,,,Second Class,AH-10030
CA-2013-158610,,,First Class,CK-12595
CA-2011-117464,,,Second Class,NP-18325
US-2014-168613,2014-09-10,,Standard Class,GM-14440
CA-2014-125381,,,Second Class,SG-20605
US-2014-141677,,,Standard Class,HK-14890
CA-2014-133067,2014-05-05,2014-11-05,Standard Class,MY-18295
US-2013-144351,,,Standard Class,RC-19960
CA-2011-106054,2011-07-01,2011-08-01,First Class,JO-15145
CA-2013-138667,,,Second Class,MW-18220
CA-2014-150609,2014-01-05,2014-05-05,Standard Class,NZ-18565
CA-2014-128853,,,First Class,JM-15250
CA-2014-133102,,,Standard Class,ED-13885
CA-2013-164399,,,First Class,DW-13480
CA-2013-116918,2013-02-10,2013-07-10,Second Class,JK-15205
CA-2013-110492,2013-12-02,,First Class,JS-15880
CA-2013-147683,,,Standard Class,PO-19180
CA-2011-116785,,,Standard Class,MH-17290
US-2012-156797,2012-11-08,,Standard Class,PO-19180
CA-2013-104276,,2013-04-12,Standard Class,HF-14995
CA-2013-120369,,,Same Day,VB-21745
CA-2011-118276,,2012-02-01,Standard Class,MG-17890
CA-2012-136658,2012-10-09,,Standard Class,BO-11425
CA-2014-137414,2014-03-10,2014-07-10,Standard Class,CM-12115
CA-2013-143476,2013-12-09,,First Class,LC-16930
US-2013-119046,2013-03-06,2013-07-06,Standard Class,EH-13765
CA-2014-154949,,,Standard Class,MC-17275
CA-2012-103072,,,Second Class,HW-14935
CA-2012-150770,2012-03-05,2012-06-05,First Class,LC-16870
CA-2014-154760,2014-10-01,,Standard Class,BP-11290
US-2014-104437,,2014-01-02,Standard Class,TG-21310
CA-2014-113075,2014-03-09,2014-07-09,Standard Class,MC-18100
CA-2013-109953,,,Standard Class,RB-19360
CA-2014-127397,,2014-01-03,Standard Class,ES-14080
CA-2011-157546,,,First Class,RD-19720
CA-2014-153843,,,First Class,SC-20380
CA-2013-137337,2013-09-03,,Standard Class,GB-14575
CA-2011-138737,2011-07-12,2011-10-12,First Class,FP-14320
CA-2013-164924,2013-11-07,2013-11-07,Same Day,EA-14035
CA-2013-101651,,,Standard Class,SC-20305
CA-2014-136651,,,Second Class,JF-15355
CA-2014-118892,,,Second Class,TP-21415
US-2014-151127,,,First Class,RL-19615
CA-2014-145807,2014-10-02,,Standard Class,SB-20170
US-2011-127978,2011-03-03,2011-08-03,Standard Class,JS-15595
CA-2012-158491,2012-04-06,2012-09-06,Second Class,BP-11155
CA-2013-116764,,2013-03-09,Standard Class,EM-13825
CA-2013-152457,,,Standard Class,SC-20695
CA-2013-152730,,2013-05-06,Standard Class,EM-14140
CA-2014-137001,2014-11-06,,Second Class,GZ-14545
CA-2014-156363,,,Standard Class,ML-17395
CA-2014-122056,,,Standard Class,PG-18895
US-2011-143721,,,Second Class,DK-12835
CA-2014-122987,,,Same Day,SJ-20215
CA-2013-133368,,,Standard Class,AG-10675
CA-2013-123337,,,Standard Class,KD-16495
US-2013-150357,2013-11-10,,Standard Class,EB-13975
CA-2012-144519,,,Standard Class,AW-10930
CA-2011-120670,2011-02-11,2011-06-11,Standard Class,JK-16120
CA-2013-157217,,,First Class,TC-21535
CA-2013-108224,,,Same Day,TH-21235
CA-2012-162782,,,Standard Class,PW-19240
CA-2014-159282,,,Standard Class,GH-14410
CA-2014-155936,,,Standard Class,JK-15730
CA-2014-169439,2014-10-09,,Standard Class,LC-17140
CA-2014-151183,,,Standard Class,BK-11260
CA-2013-149965,,,Standard Class,BS-11365
CA-2011-158281,2011-02-09,2011-07-09,Standard Class,AG-10525
CA-2013-153661,,,First Class,SC-20725
CA-2014-109183,2014-05-12,2014-10-12,Standard Class,LR-16915
CA-2013-113656,,,Standard Class,CB-12415
CA-2012-148964,,,Standard Class,RD-19900
CA-2011-111899,2011-04-05,2011-05-05,First Class,NC-18340
CA-2012-101126,2012-10-02,,Second Class,NB-18655
CA-2011-163468,,,First Class,JK-15730
US-2014-117450,2014-05-09,2014-09-09,Standard Class,DO-13645
CA-2011-137274,,2011-02-04,Standard Class,MG-18145
CA-2013-144092,2013-06-11,2013-08-11,Second Class,LH-17155
CA-2014-112172,2014-11-06,,Second Class,MM-18280
CA-2012-121699,2012-10-08,,Standard Class,BD-11320
CA-2012-162761,2012-09-10,,Standard Class,SC-20575
CA-2013-121377,,2013-03-06,Standard Class,TN-21040
CA-2014-115322,2014-12-05,,Second Class,ZC-21910
CA-2013-132066,,,Standard Class,NB-18655
CA-2014-158120,,,Standard Class,KH-16330
CA-2014-100097,,,Second Class,MN-17935
CA-2014-167626,2014-04-09,2014-08-09,Standard Class,MY-18295
US-2014-126053,2014-06-12,2014-09-12,First Class,CS-11950
US-2014-128447,2014-11-11,,Standard Class,MC-17845
US-2011-131275,,,Standard Class,SC-20050
CA-2013-149349,,,First Class,SP-20650
CA-2014-115119,,,Standard Class,SC-20440
CA-2012-125563,2012-11-04,,Standard Class,PR-18880
CA-2012-113152,,,Standard Class,JK-15625
CA-2014-165155,,,First Class,BM-11575
CA-2011-163412,,,Second Class,SM-20950
CA-2012-159590,,,First Class,KC-16255
CA-2011-116190,,2011-01-08,Standard Class,SG-20470
CA-2011-168473,,2012-01-01,Standard Class,TB-21520
CA-2014-168389,2014-12-12,,Standard Class,DV-13045
CA-2011-130421,2011-03-03,2011-07-03,Standard Class,SC-20020
CA-2014-142125,,,Standard Class,JB-15400
CA-2014-141138,2014-11-11,,Standard Class,GH-14425
CA-2014-152135,,,Second Class,MG-17650
CA-2013-151974,,,Standard Class,RD-19660
CA-2014-154102,2014-07-02,,Standard Class,SN-20560
CA-2012-139780,,2013-02-01,Second Class,AH-10690
CA-2013-114748,2013-10-10,,Standard Class,MZ-17335
US-2011-115189,,2012-03-01,Second Class,AR-10345
CA-2013-163594,,,First Class,JF-15295
CA-2013-127243,,2013-05-12,Standard Class,DS-13180
CA-2014-161851,,,First Class,BP-11095
CA-2012-110345,2012-09-03,2012-11-03,Second Class,TG-21310
CA-2011-107769,,2011-01-11,Standard Class,BT-11395
US-2014-123862,2014-08-01,2014-10-01,Second Class,JF-15190
CA-2014-100580,,,Standard Class,MK-17905
US-2014-145597,2014-03-11,2014-06-11,First Class,GG-14650
CA-2011-132787,,,Standard Class,MC-18130
CA-2012-136224,,,Same Day,ML-18265
CA-2013-105732,,,Standard Class,AG-10270
CA-2014-108035,,2014-04-12,Standard Class,TT-21070
CA-2014-160031,2014-05-12,2014-08-12,Second Class,LT-16765
CA-2014-147844,2014-03-05,2014-07-05,Standard Class,DD-13570
CA-2013-110975,,,Standard Class,DB-12970
CA-2011-141649,,,Same Day,DM-12955
CA-2011-124807,2011-12-07,,Second Class,ME-17725
CA-2013-110009,2013-09-09,,Standard Class,TR-21325
CA-2014-168172,2014-07-08,2014-11-08,Standard Class,SH-20395
CA-2012-100146,,,Standard Class,CB-12535
CA-2014-152079,,,First Class,ML-17410
CA-2013-129728,,2013-07-06,Standard Class,JG-15310
CA-2011-121769,2011-08-04,2011-12-04,Standard Class,JS-15880
CA-2011-103058,,,First Class,AG-10270
CA-2014-121125,,2014-04-06,Standard Class,MG-17890
US-2013-114013,,,Second Class,SC-20770
CA-2014-135069,2014-11-04,,Standard Class,BS-11755
CA-2013-101693,,,Second Class,LC-17140
US-2011-164763,,,Standard Class,MH-17440
CA-2011-161249,2011-09-08,,Standard Class,RD-19720
CA-2012-148180,,,Standard Class,BP-11095
CA-2011-165568,,,Standard Class,BF-11020
CA-2012-145457,,,Second Class,CP-12085
US-2014-163657,2014-03-09,2014-07-09,Standard Class,JL-15235
CA-2012-120446,,,First Class,JG-15805
CA-2011-109932,2011-09-12,2011-11-12,First Class,VP-21760
CA-2014-127474,2014-04-02,2014-08-02,Second Class,RD-19810
CA-2014-115448,2014-12-11,,First Class,MH-18025
CA-2014-105669,,,Second Class,SJ-20125
CA-2014-134796,,2014-02-07,Standard Class,FM-14380
CA-2013-137743,,2013-05-08,Standard Class,KH-16360
CA-2012-137974,,,First Class,LL-16840
US-2012-136987,2012-11-04,,Second Class,AR-10540
CA-2012-138485,,2012-01-03,Second Class,NP-18670
CA-2013-103709,2013-09-09,,Standard Class,LP-17095
CA-2013-138282,,,Standard Class,AH-10690
CA-2014-148985,2014-12-11,,Second Class,TB-21190
CA-2011-138100,,,Standard Class,AA-10315
CA-2012-100734,,,Standard Class,AC-10615
CA-2013-139997,2013-02-07,2013-04-07,First Class,EM-14140
CA-2013-109652,2013-11-04,,Standard Class,QJ-19255
CA-2011-167199,2011-07-01,2011-11-01,Standard Class,ME-17320
CA-2013-124583,2013-02-09,2013-04-09,Second Class,LB-16795
CA-2011-113964,,,Standard Class,JP-16135
CA-2011-129938,,,Second Class,EB-13705
CA-2014-135111,,2015-03-01,Standard Class,CS-12400
US-2012-134558,,,Second Class,PM-19135
CA-2014-157196,2014-06-11,2014-10-11,Standard Class,AA-10645
CA-2012-108672,2012-10-09,,Standard Class,FA-14230
US-2014-118598,,,Same Day,CM-12190
US-2014-160836,2014-12-09,,Standard Class,CC-12475
CA-2014-121048,,,Standard Class,TC-21295
US-2014-120117,,,Same Day,TB-21400
CA-2013-158043,,2013-04-02,Second Class,JK-15325
US-2014-106579,2014-09-06,,Standard Class,BW-11200
CA-2011-115889,2011-02-11,2011-06-11,Standard Class,SH-20395
US-2014-161935,,,Standard Class,JL-15835
US-2014-167920,2014-10-12,,Second Class,JL-15835
CA-2013-162383,2013-06-09,2013-12-09,Standard Class,MD-17350
CA-2011-125731,2011-10-09,,Standard Class,CL-12565
US-2014-106145,,,Same Day,RA-19885
CA-2013-107146,,,First Class,LC-16885
US-2014-134642,,2014-02-03,Standard Class,SW-20245
US-2014-160143,2014-01-04,2014-08-04,Standard Class,HG-14965
CA-2014-103415,2014-04-12,2014-09-12,Standard Class,MV-17485
CA-2013-106460,,,Second Class,GT-14710
US-2014-112347,2014-03-12,2014-07-12,Standard Class,BS-11380
CA-2011-103492,2011-10-10,,Standard Class,CM-12715
CA-2013-136595,2013-06-09,2013-08-09,First Class,EM-13825
CA-2011-140396,,,Standard Class,KH-16330
CA-2011-114181,2011-10-05,,Second Class,AF-10885
CA-2014-159506,,2014-03-12,Standard Class,JR-16210
US-2011-137155,2011-01-11,2011-05-11,Standard Class,DL-12925
CA-2013-105746,,2014-02-01,First Class,BD-11605
US-2013-104815,2013-04-09,2013-08-09,Standard Class,RB-19570
CA-2014-157672,2014-06-10,2014-08-10,First Class,RB-19795
US-2013-166660,,2013-01-02,Second Class,TB-21250
CA-2014-140802,,,First Class,KN-16390
CA-2011-133830,2011-05-12,2011-10-12,Standard Class,RL-19615
CA-2011-100916,,,Standard Class,FH-14275
CA-2012-129532,2012-08-12,2012-12-12,Standard Class,YS-21880
CA-2011-134726,2011-02-11,2011-07-11,Second Class,SW-20755
CA-2013-138597,,,First Class,PN-18775
CA-2012-123113,,,Second Class,AT-10735
CA-2012-169656,,,First Class,EJ-13720
CA-2012-142734,,,Standard Class,DM-13345
CA-2011-163223,,,Standard Class,KH-16690
CA-2014-122945,,,Standard Class,MB-18085
CA-2012-139738,,,Standard Class,DK-12895
CA-2013-158778,2013-06-09,2013-10-09,Standard Class,DB-13210
CA-2014-119655,,,Standard Class,CV-12295
CA-2012-164567,,,Standard Class,GK-14620
CA-2011-131947,,,Standard Class,JA-15970
CA-2013-152520,2013-09-07,,Standard Class,TH-21115
CA-2013-101791,,2013-01-06,Standard Class,BS-11665
CA-2014-121195,,,First Class,NS-18505
CA-2014-163209,2014-04-05,2014-08-05,Standard Class,MK-18160
CA-2011-133354,,,First Class,SA-20830
US-2012-130491,2012-08-02,2012-11-02,First Class,BH-11710
CA-2012-113740,,,Second Class,SC-20380
CA-2011-148425,,2011-04-12,Standard Class,RF-19345
CA-2013-144309,2013-11-12,,Standard Class,CM-12235
CA-2014-151225,,,First Class,JM-15655
US-2011-144078,,,Standard Class,RB-19435
CA-2011-124464,,,Standard Class,SS-20515
CA-2012-136805,,,Second Class,NM-18445
US-2012-159499,,,Second Class,EM-14095
CA-2011-162089,,2011-01-04,First Class,MP-17470
US-2014-158526,,2015-02-01,Second Class,KH-16360
CA-2014-104885,2014-03-03,2014-09-03,Standard Class,DB-13555
US-2013-157490,2013-07-10,2013-08-10,First Class,LB-16795
CA-2012-161452,2012-05-04,2012-11-04,Standard Class,CA-11965
US-2011-115196,2011-09-09,,Standard Class,DL-12925
CA-2013-138968,,,First Class,FC-14335
CA-2012-101889,,,Standard Class,DB-13120
CA-2014-110821,2014-08-08,2014-09-08,First Class,CK-12205
CA-2012-121552,,,Standard Class,FW-14395
CA-2012-107685,,2012-02-12,Second Class,JM-15865
US-2011-120740,,,Same Day,PS-18970
CA-2014-155740,,2014-03-08,First Class,TC-21475
CA-2014-146493,2014-02-06,2014-06-06,Standard Class,CV-12805
CA-2011-105417,2011-08-01,,Standard Class,VS-21820
US-2014-141509,,2014-02-10,First Class,SC-20575
CA-2014-139493,,,Standard Class,SG-20605
CA-2011-151967,,,Standard Class,NB-18580
US-2013-140158,2013-05-10,2013-09-10,Standard Class,DR-12940
CA-2012-130974,,,Second Class,MA-17560
CA-2014-133487,2014-07-05,2014-10-05,Second Class,TS-21655
CA-2011-142951,2011-08-10,2011-08-10,Same Day,JG-15115
CA-2011-133592,,2012-07-01,Standard Class,KM-16375
CA-2012-120782,,2012-01-05,First Class,SD-20485
CA-2012-116876,,,Standard Class,TT-21070
CA-2013-169838,,,Standard Class,BB-11545
US-2014-128951,,,First Class,RS-19420
CA-2011-102330,,2012-03-01,Standard Class,AI-10855
CA-2013-118899,,,Same Day,MC-17275
CA-2014-107958,2014-03-07,2014-06-07,First Class,AH-10120
CA-2014-151799,,,Standard Class,BF-11170
CA-2013-114601,,2013-03-09,Standard Class,AA-10480
CA-2014-100237,,,Standard Class,SV-20815
CA-2011-139542,,,Standard Class,EH-14185
US-2012-142811,2012-02-04,2012-07-04,Standard Class,JL-15850
CA-2014-139353,,,Second Class,JM-15250
CA-2011-150203,2011-05-12,2011-07-12,First Class,JB-15925
US-2014-101518,2014-04-11,2014-09-11,Standard Class,PB-19105
CA-2012-149636,2012-06-01,2012-12-01,Standard Class,SP-20620
US-2014-146213,2014-10-09,,Standard Class,MC-17605
CA-2012-108588,2012-05-01,2012-10-01,Standard Class,BG-11695
US-2014-138086,,,Standard Class,JO-15550
CA-2012-139374,2012-10-09,,Standard Class,AR-10345
CA-2013-113978,,,Standard Class,TS-21505
US-2012-150231,,,Second Class,JK-15640
CA-2013-106915,,2013-03-12,Standard Class,GA-14515
US-2013-109260,,2013-02-10,Standard Class,TN-21040
CA-2014-104850,,,Standard Class,TW-21025
CA-2014-140508,,,First Class,PA-19060
CA-2014-143294,2014-03-06,2014-09-06,Standard Class,JD-15790
CA-2013-165673,,,Second Class,MN-17935
CA-2014-134418,,,Standard Class,GM-14500
US-2013-106313,,,Standard Class,DG-13300
CA-2011-105872,,2011-06-06,Standard Class,JG-15160
CA-2014-108287,,,First Class,AG-10330
CA-2014-141103,,2014-07-08,Standard Class,JF-15355
CA-2011-154781,,,Standard Class,SC-20680
CA-2012-147816,,,Second Class,CM-11935
CA-2014-105326,,,Standard Class,KT-16480
CA-2013-133613,,,Standard Class,CP-12340
CA-2012-109113,,,Standard Class,EK-13795
CA-2012-156153,,2012-02-06,Second Class,CW-11905
CA-2012-133242,,,Standard Class,KH-16510
CA-2012-158323,,2012-03-12,First Class,AB-10600
CA-2012-161795,,,Second Class,AH-10075
CA-2014-100902,,,Standard Class,CK-12595
CA-2014-112844,,,Second Class,SP-20620
CA-2013-158925,,,Standard Class,JP-15460
CA-2011-155390,2011-06-12,2011-11-12,Standard Class,BG-11035
CA-2014-123071,2014-04-12,2014-07-12,First Class,CC-12550
CA-2014-156391,,,First Class,SL-20155
CA-2012-103093,2012-03-02,2012-07-02,Standard Class,FO-14305
US-2014-118941,,,Same Day,BB-11545
CA-2012-169299,,,First Class,DO-13435
CA-2014-154088,,,Standard Class,LB-16735
CA-2013-155978,2013-02-08,2013-02-08,Same Day,TS-21205
CA-2013-108196,,2013-03-12,Standard Class,CS-12505
CA-2013-152800,,,First Class,SP-20920
CA-2011-166961,,,Standard Class,CD-12790
CA-2013-139381,,,Standard Class,RF-19840
CA-2012-132136,2012-08-03,2012-12-03,Standard Class,FO-14305
CA-2013-162236,2013-05-11,2013-07-11,Second Class,ER-13855
US-2011-111353,,2011-06-12,Standard Class,PB-19150
US-2013-117037,,,First Class,LW-17215
CA-2014-160801,,,Same Day,FG-14260
CA-2013-108364,,,Standard Class,BP-11050
CA-2014-169362,,,First Class,SP-20860
CA-2012-127481,2012-12-12,,Second Class,JD-15895
CA-2012-112711,2012-12-07,,Standard Class,FM-14380
US-2012-145121,2012-02-10,2012-06-10,Standard Class,MP-17965
CA-2014-166184,,,First Class,HR-14830
CA-2014-157413,2014-02-06,2014-07-06,Standard Class,BW-11065
CA-2011-143637,,,Second Class,MS-17710
CA-2012-102260,,,Standard Class,SJ-20125
US-2013-137295,2013-08-01,,Standard Class,VS-21820
CA-2013-134334,,,First Class,DK-13090
US-2014-109316,2014-09-06,2014-11-06,First Class,MG-17680
CA-2013-138478,,,Second Class,DP-13390
CA-2014-150469,,,Standard Class,CJ-12010
CA-2014-152436,2014-09-12,2014-11-12,Second Class,CW-11905
CA-2013-169334,,,Second Class,GW-14605
US-2011-115413,,2011-01-09,Standard Class,PP-18955
CA-2011-125150,,,Standard Class,PW-19030
CA-2012-127327,2012-03-02,2012-07-02,Standard Class,PW-19030
CA-2014-117114,2014-01-11,2014-06-11,Standard Class,CY-12745
CA-2012-137302,,2012-01-05,Standard Class,BW-11110
CA-2013-112382,2013-10-05,,Standard Class,MB-18085
CA-2012-128958,,,Standard Class,CR-12820
CA-2012-106257,,,Second Class,EB-14110
CA-2012-149083,,,Standard Class,SH-19975
US-2011-137869,,2011-02-04,Standard Class,CV-12295
CA-2013-116603,,,Standard Class,AT-10735
CA-2011-158470,,,Second Class,AG-10390
US-2014-123834,,,Standard Class,GM-14500
CA-2012-125976,,2012-02-10,Standard Class,JK-15205
CA-2013-128706,,2013-03-03,Standard Class,DW-13540
CA-2013-104311,2013-03-05,2013-07-05,Standard Class,AS-10090
CA-2011-169649,2011-09-12,,Standard Class,TS-21205
CA-2012-144890,,,Standard Class,SM-20320
CA-2014-135587,2014-08-12,,Standard Class,BH-11710
CA-2011-103429,,2011-01-06,First Class,LW-16825
CA-2014-152261,2014-03-03,2014-07-03,Standard Class,JA-15970
CA-2012-142993,2012-12-10,,Standard Class,KA-16525
CA-2012-143364,,,Second Class,TG-21310
CA-2011-100972,,,Second Class,DB-13360
CA-2013-136994,,2013-03-06,Standard Class,LS-17245
US-2014-166233,2014-04-07,2014-10-07,Standard Class,MO-17950
CA-2014-122112,,,Standard Class,CA-11965
CA-2013-101672,2013-04-10,2013-08-10,Standard Class,DB-12910
CA-2014-168403,2014-10-09,,Standard Class,DK-12835
CA-2012-148705,2012-12-03,,Standard Class,EB-14170
CA-2013-160241,,2013-05-12,Second Class,DR-12940
CA-2013-155747,,,Standard Class,JS-15685
CA-2014-118017,2014-04-12,2014-07-12,Second Class,LC-16870
CA-2013-113117,,,Standard Class,JP-15520
CA-2013-148684,,,Standard Class,TS-21655
CA-2014-125367,,,Standard Class,NM-18445
CA-2014-124744,,,Standard Class,EH-14125
CA-2014-128363,,,Standard Class,DC-12850
CA-2012-126669,2012-07-11,,Standard Class,DO-13645
US-2012-118766,,,Standard Class,LS-16975
CA-2013-112585,,2013-03-08,First Class,RW-19630
CA-2013-149762,2013-04-12,2013-08-12,Standard Class,RD-19720
CA-2013-167605,,2013-01-05,Second Class,RB-19570
US-2014-105697,,,First Class,JE-15715
CA-2014-165323,,,Standard Class,SR-20740
CA-2012-110891,,,Standard Class,PO-19195
CA-2014-100783,2014-05-09,2014-09-09,Second Class,JK-16120
CA-2012-152513,2012-04-07,2012-08-07,Second Class,JP-16135
CA-2014-139822,,,Standard Class,Dp-13240
CA-2014-107713,,,Standard Class,JB-16000
CA-2014-134096,,,Standard Class,PP-18955
CA-2013-125843,,,First Class,RF-19840
CA-2014-120404,,,Second Class,KH-16330
CA-2014-167549,,,First Class,EM-14200
CA-2013-120082,,,Second Class,DK-12835
US-2013-168095,,,Standard Class,MC-17425
CA-2014-166093,,,Standard Class,RW-19540
CA-2013-146325,,,First Class,DS-13180
CA-2014-134194,,2015-02-01,Standard Class,GA-14725
CA-2011-131009,2011-01-03,2011-05-03,Standard Class,SC-20380
CA-2012-145814,,,Standard Class,KD-16345
CA-2011-138359,2011-01-04,2011-06-04,Standard Class,KH-16330
CA-2014-131807,2014-06-10,2014-11-10,Standard Class,GG-14650
CA-2014-104864,,,Second Class,JS-15685
CA-2012-138219,,,Standard Class,BP-11095
CA-2013-157707,2013-11-10,,First Class,CC-12610
US-2012-126753,,,Standard Class,SP-20860
CA-2011-166051,,2011-05-06,Standard Class,JK-15625
CA-2012-113040,,,Standard Class,CC-12100
CA-2011-103800,2011-04-01,2011-08-01,Standard Class,DP-13000
CA-2011-113383,2011-10-09,,First Class,SF-20065
CA-2014-152499,,,Second Class,EH-13765
CA-2013-151498,,,First Class,DN-13690
CA-2013-137939,,,Second Class,PJ-19015
US-2013-117793,,,Standard Class,MA-17560
CA-2013-133872,,,First Class,VM-21835
US-2012-165743,,,Second Class,MM-18055
US-2014-105998,2014-04-11,2014-06-11,First Class,CR-12580
US-2011-148194,2011-04-05,2011-07-05,First Class,BS-11365
US-2012-151407,2012-08-11,2012-12-11,Standard Class,RD-19585
CA-2012-110870,2012-12-12,,First Class,KD-16270
CA-2011-143210,2011-01-12,2011-03-12,First Class,AA-10645
CA-2013-139808,2013-08-10,2013-12-10,Standard Class,MC-18100
CA-2012-110863,,,Standard Class,AA-10645
CA-2011-127859,,,Second Class,QJ-19255
US-2012-136427,,,First Class,JM-16195
CA-2014-120138,,,Same Day,TB-21625
US-2011-131870,2011-09-09,2011-11-09,First Class,NF-18595
CA-2014-114804,,,Second Class,BF-11020
CA-2014-167227,2014-03-11,2014-06-11,First Class,NP-18670
CA-2011-129189,,,Standard Class,HM-14860
CA-2012-132465,2012-11-09,,Second Class,DM-13525
CA-2013-166373,,,Standard Class,JF-15565
CA-2013-158806,2013-07-01,2013-11-01,Standard Class,NM-18520
CA-2012-119690,,,First Class,MV-17485
CA-2012-153738,,,First Class,AG-10270
CA-2014-169012,2014-11-07,,Standard Class,BF-11275
CA-2014-109393,2014-01-07,2014-03-07,Second Class,JC-15775
CA-2014-121489,,,Second Class,CM-11815
US-2014-133081,2014-12-03,,Standard Class,PV-18985
CA-2014-165008,,,Second Class,DO-13645
CA-2013-145611,,,Standard Class,HA-14905
CA-2013-113600,,,Second Class,SH-20395
CA-2014-130834,2014-04-11,2014-07-11,Second Class,JM-16195
CA-2013-168543,2013-04-07,2013-08-07,Standard Class,DK-13225
CA-2011-144974,,,Standard Class,CM-12715
CA-2011-109904,,,Second Class,BF-10975
CA-2014-152205,,2014-06-10,Standard Class,SF-20965
CA-2012-121188,,2012-04-09,Standard Class,CB-12025
CA-2012-156013,,,Standard Class,TC-20980
CA-2013-132997,2013-08-11,2013-10-11,First Class,LW-17215
US-2012-160563,,,Standard Class,NS-18640
CA-2014-151750,2014-02-01,2014-06-01,Standard Class,JM-15250
CA-2012-106187,,,Standard Class,RF-19345
US-2013-164945,,,Standard Class,CA-12055
CA-2012-150714,,2012-01-11,Standard Class,KH-16690
CA-2013-105753,,,Standard Class,LC-16960
CA-2014-120894,,2014-03-05,Standard Class,JL-15130
CA-2013-106621,,2013-02-10,Second Class,DM-12955
CA-2012-107020,2012-10-07,,Standard Class,MV-18190
US-2012-117492,2012-07-08,2012-09-08,First Class,NS-18640
CA-2011-101392,2011-07-12,,Standard Class,AS-10630
CA-2012-127502,2012-10-12,,Standard Class,MT-17815
CA-2014-143658,2014-09-11,,Second Class,SR-20425
CA-2014-133046,,2014-02-08,Second Class,DK-13375
CA-2014-122798,,2015-02-01,Standard Class,SV-20935
CA-2013-169663,2013-11-03,,First Class,RH-19510
CA-2012-149846,,,Standard Class,SB-20185
CA-2014-159149,,,First Class,CR-12820
US-2014-167570,2014-09-12,,Standard Class,EG-13900
CA-2014-160122,,,Standard Class,RD-19930
CA-2013-130393,2013-02-12,2013-04-12,Second Class,JM-15865
CA-2014-144820,2014-04-10,2014-08-10,Second Class,LW-16825
CA-2014-101014,,2014-05-09,Standard Class,RW-19540
CA-2014-105543,,,Same Day,BG-11695
US-2014-113201,2014-01-07,2014-06-07,Standard Class,TT-21220
US-2014-106551,,,Standard Class,EB-13930
CA-2013-116722,2013-12-11,,Standard Class,LP-17080
CA-2011-138128,2011-09-12,,Standard Class,FP-14320
US-2014-150070,2014-08-09,,Standard Class,JA-15970
CA-2012-137064,2012-06-02,,Standard Class,TS-21655
CA-2014-157350,,2014-02-09,Standard Class,DP-13000
CA-2011-127866,,,First Class,JD-15895
CA-2012-131352,2012-08-10,,Standard Class,GH-14485
CA-2012-121776,,,Standard Class,RD-19585
CA-2013-118073,,,Standard Class,CS-12490
CA-2011-103219,2011-09-11,,Standard Class,BF-11215
CA-2013-102561,,,Standard Class,NK-18490
CA-2013-100993,2013-05-02,2013-10-02,Standard Class,AZ-10750
US-2011-112949,,,Standard Class,Co-12640
US-2014-146822,2014-10-06,,Standard Class,AG-10675
US-2013-131058,,2014-01-01,Standard Class,EM-14140
CA-2011-167997,,,First Class,CA-11965
CA-2014-140151,,,First Class,RB-19360
US-2014-143770,,,Standard Class,RD-19720
CA-2013-131296,2013-05-10,2013-10-10,Standard Class,MS-17830
CA-2013-103464,,,Standard Class,PG-18820
CA-2014-136238,,2015-02-01,Standard Class,KB-16240
CA-2013-120803,2013-10-03,,Standard Class,RB-19465
CA-2013-134138,,,Standard Class,JD-15790
CA-2012-120915,,2012-03-10,Second Class,JJ-15445
CA-2012-168207,2012-02-11,2012-06-11,Standard Class,LT-17110
CA-2013-144148,2013-01-08,2013-06-08,Standard Class,AH-10690
CA-2014-107174,2014-07-11,,Standard Class,AB-10060
CA-2013-146150,,,Standard Class,FM-14380
CA-2011-114125,2011-09-07,,Standard Class,GH-14410
CA-2013-114944,,2013-04-02,Standard Class,HE-14800
CA-2013-135965,,,First Class,SZ-20035
CA-2014-149699,,,First Class,CM-12115
CA-2013-166429,2013-03-09,2013-09-09,Standard Class,TG-21310
CA-2012-112767,2012-02-08,2012-06-08,Standard Class,DK-12985
CA-2012-119879,,,Standard Class,SS-20410
CA-2014-155642,,,Standard Class,BM-11575
US-2014-101721,,,Standard Class,MY-17380
CA-2012-136728,,,Second Class,AG-10900
CA-2013-127194,2013-11-12,,Standard Class,BW-11110
CA-2012-140375,2012-02-10,2012-05-10,Second Class,SG-20470
US-2014-155866,,,Standard Class,CC-12370
CA-2012-141327,,2012-03-12,First Class,LR-16915
CA-2012-136700,2012-06-12,2012-11-12,Second Class,DB-13120
CA-2014-102736,2014-06-09,2014-10-09,Standard Class,LP-17095
CA-2014-125269,,2014-01-05,Standard Class,AF-10870
CA-2012-114811,2012-08-11,2012-08-11,Same Day,KD-16495
CA-2012-122266,,,Standard Class,SA-20830
CA-2012-141565,,,Standard Class,BG-11035
CA-2014-128769,2014-08-09,,Standard Class,DM-12955
CA-2013-116337,2013-08-11,,Standard Class,MC-17845
CA-2012-120845,,2012-02-10,Standard Class,ML-17395
CA-2011-120775,2011-03-10,2011-07-10,Standard Class,RD-19930
CA-2011-152905,,,Standard Class,AB-10015
CA-2013-104633,,,Standard Class,EA-14035
CA-2014-104136,2014-02-11,2014-05-11,Second Class,SF-20065
CA-2013-123050,2013-05-04,2013-09-04,Second Class,BC-11125
CA-2013-162355,2013-01-07,2013-03-07,Second Class,PF-19165
CA-2011-158225,,,Standard Class,SE-20110
CA-2014-102204,2014-02-05,2014-07-05,Standard Class,CJ-12010
CA-2014-103065,,,Same Day,PT-19090
CA-2011-109855,2011-01-09,2011-05-09,Standard Class,LH-16900
CA-2011-109897,2011-12-08,,Standard Class,BW-11200
US-2011-143581,,,Standard Class,BS-11365
CA-2012-129217,2012-10-05,2012-10-05,Same Day,DP-13390
CA-2013-133816,2013-11-05,,Second Class,CS-12400
CA-2012-140221,2012-05-03,2012-09-03,Second Class,MS-17365
CA-2014-152310,,,Standard Class,DK-12895
CA-2013-118101,,,Same Day,SN-20560
CA-2013-100307,,,Standard Class,TC-21475
CA-2012-138457,,,Standard Class,AM-10705
CA-2011-131800,,2012-04-01,Standard Class,AJ-10960
CA-2011-118304,,2011-04-05,Standard Class,KH-16360
CA-2014-121790,,2014-07-02,Standard Class,LP-17095
CA-2013-169670,,2014-01-01,Standard Class,JE-15715
CA-2013-139549,,,Standard Class,MY-18295
CA-2012-104059,,,Second Class,FC-14245
CA-2014-164112,2014-01-07,2014-05-07,Standard Class,ND-18460
CA-2012-143882,,,Standard Class,DB-13360
US-2013-139262,,,Standard Class,LC-16960
CA-2014-146192,,,Standard Class,BD-11725
CA-2014-134810,2014-10-05,2014-11-05,First Class,MC-17605
CA-2012-154284,,,Second Class,SZ-20035
CA-2011-156244,2011-12-08,,Standard Class,DH-13675
CA-2012-106362,2012-11-12,,Standard Class,LC-16885
US-2014-168802,2014-04-11,2014-08-11,Standard Class,JO-15145
US-2014-146906,,,Standard Class,MT-17815
CA-2013-166380,,2013-04-06,Standard Class,EB-13750
US-2012-158911,2012-05-07,2012-11-07,Standard Class,RS-19765
US-2011-103338,2011-11-03,,Standard Class,RB-19435
CA-2012-109169,,,Standard Class,OT-18730
US-2014-167318,,2014-02-08,Standard Class,GZ-14545
US-2011-120313,,2011-02-11,Second Class,NL-18310
CA-2014-135419,2014-04-11,2014-10-11,Standard Class,BG-11740
CA-2013-128671,2013-12-08,,Standard Class,MT-18070
CA-2013-149335,,,Same Day,BC-11125
CA-2011-168312,2011-01-03,2011-07-03,Standard Class,GW-14605
US-2014-105935,,2014-01-02,Standard Class,BD-11500
CA-2011-161508,2011-12-07,,Standard Class,PV-18985
CA-2014-130904,2014-12-04,,Standard Class,HM-14980
CA-2014-133620,,,Standard Class,EM-14065
CA-2012-142937,2012-05-12,2012-06-12,First Class,SF-20065
US-2013-149790,,2013-02-10,Standard Class,SC-20380
CA-2013-130778,,,Standard Class,ND-18370
CA-2014-144456,2014-09-09,2014-10-09,First Class,FC-14245
CA-2014-103478,,,Second Class,KL-16555
CA-2014-118577,2014-07-10,2014-12-10,Standard Class,XP-21865
CA-2014-113572,2014-08-11,2014-12-11,Standard Class,FP-14320
CA-2013-153269,2013-10-03,,First Class,PS-18760
CA-2014-161655,,,Second Class,CW-11905
CA-2013-101469,2013-03-07,2013-09-07,Standard Class,KH-16360
CA-2011-153087,,2012-03-01,Standard Class,TC-20980
CA-2014-135076,,,Standard Class,YS-21880
CA-2011-161634,,,Standard Class,CC-12220
CA-2014-141481,2014-12-06,,First Class,ZD-21925
CA-2013-132549,,2013-01-12,Standard Class,JK-15370
US-2011-155544,,,Standard Class,GM-14440
US-2012-115238,,2012-04-05,Standard Class,JW-15220
CA-2014-132199,2014-04-05,2014-09-05,Standard Class,BO-11350
CA-2013-163174,,,Standard Class,XP-21865
CA-2011-110555,2011-11-04,,Standard Class,MM-18055
CA-2014-147207,2014-03-01,2014-05-01,Second Class,TS-21655
CA-2014-137631,,2014-03-05,Standard Class,JL-15235
CA-2014-157273,,2014-03-02,First Class,SZ-20035
CA-2011-109918,2011-07-09,2011-12-09,Second Class,LR-17035
CA-2013-118745,2013-12-06,,Standard Class,SV-20365
CA-2013-163972,,,Standard Class,MG-17890
CA-2011-165393,,,First Class,NC-18415
CA-2013-113726,,2013-02-12,Standard Class,SC-20680
CA-2013-152940,2013-11-11,,First Class,RO-19780
CA-2012-158701,2012-05-01,2012-10-01,Standard Class,JL-15175
CA-2014-156272,,,Standard Class,PW-19030
CA-2012-162964,2012-12-11,,Standard Class,MF-18250
CA-2011-103527,2011-09-09,,Second Class,CC-12220
CA-2013-134544,,,Second Class,AC-10660
CA-2013-163048,2013-08-02,,Standard Class,MH-17440
CA-2013-145135,,,First Class,CD-12790
CA-2014-137582,2014-05-09,2014-09-09,Standard Class,CV-12805
CA-2012-149601,,2012-03-06,Standard Class,TB-21625
CA-2011-139423,2011-01-11,2011-05-11,Standard Class,DG-13300
CA-2013-102596,,,First Class,RD-19810
CA-2014-153227,2014-05-12,2014-07-12,First Class,CS-12250
CA-2014-110625,,,Standard Class,JB-16045
CA-2013-142594,2013-02-12,2013-07-12,Second Class,EJ-14155
CA-2011-152254,,,Same Day,BD-11620
US-2011-120236,2011-03-09,2011-04-09,First Class,MR-17545
CA-2014-120061,2014-03-11,2014-08-11,Second Class,SR-20425
CA-2012-133837,,,Standard Class,TH-21100
CA-2012-110814,2012-05-12,2012-09-12,Second Class,BD-11635
CA-2013-154067,2013-01-02,2013-07-02,Standard Class,SM-20950
CA-2014-140480,2014-09-07,,Standard Class,HE-14800
CA-2012-134082,2012-11-12,,Standard Class,JK-15640
CA-2013-130820,,,Same Day,ON-18715
CA-2013-159765,2013-10-05,,Second Class,TH-21100
CA-2014-132290,2014-11-03,,Standard Class,MD-17350
CA-2013-147109,,,Standard Class,AH-10075
CA-2014-107265,2014-07-04,,Standard Class,ML-17755
CA-2014-118199,2014-10-05,2014-12-05,First Class,LB-16795
CA-2014-150091,,,Standard Class,NP-18670
CA-2013-137652,,,First Class,EB-13750
CA-2012-128356,2012-02-10,2012-07-10,Standard Class,RP-19390
CA-2014-167017,,,First Class,DC-12850
US-2014-132220,,,Standard Class,DJ-13510
CA-2013-118129,,,Second Class,CL-12565
US-2011-113124,,2011-05-04,Standard Class,NC-18340
CA-2014-155621,2014-09-11,,Standard Class,KN-16450
US-2011-127635,,,Second Class,SC-20260
CA-2012-151470,,,Standard Class,AM-10705
CA-2012-112823,2012-10-12,,Standard Class,RA-19945
CA-2011-108861,,2011-01-06,Standard Class,MM-17260
CA-2014-114370,,,Second Class,BN-11470
CA-2013-158302,2013-09-12,,Second Class,JB-16045
CA-2014-145779,2014-07-05,2014-11-05,Standard Class,DB-13615
US-2013-155173,2013-07-03,2013-11-03,Standard Class,JB-16045
CA-2014-125451,,,First Class,AH-10075
CA-2011-131387,,,First Class,AI-10855
CA-2013-125087,,,Standard Class,TH-21115
CA-2013-154081,,,Standard Class,JE-15610
US-2014-118556,,2014-03-06,Second Class,TH-21235
CA-2011-126200,,,Standard Class,JE-15715
CA-2011-146500,,2011-04-09,Standard Class,AT-10735
CA-2012-169537,2012-03-09,2012-07-09,Second Class,JH-15820
CA-2011-100881,,2011-01-04,Standard Class,DR-12940
CA-2012-144043,2012-10-05,,Standard Class,AB-10165
CA-2012-116512,2012-09-04,,Standard Class,MC-18100
CA-2012-101000,2012-09-04,,Standard Class,IG-15085
CA-2013-168557,,,Standard Class,FH-14275
US-2013-164196,2013-12-11,,Standard Class,AS-10285
US-2014-132031,,,Standard Class,PN-18775
CA-2012-169733,,,Second Class,GM-14500
CA-2014-169404,2014-10-04,,Standard Class,NC-18625
CA-2014-134880,,2014-02-11,Standard Class,TW-21025
CA-2012-145758,,,Same Day,BF-11020
CA-2014-158736,,,Standard Class,TT-21460
US-2013-119270,,,Standard Class,SW-20245
CA-2011-109890,,,Standard Class,PG-18820
CA-2013-138583,,,Standard Class,DP-13390
US-2014-118535,2014-12-02,,Standard Class,DJ-13510
CA-2013-126284,,,Standard Class,EN-13780
CA-2014-142391,,,Same Day,PB-19150
CA-2014-124716,,2014-01-04,Standard Class,BD-11560
CA-2013-158841,2013-02-02,2013-04-02,Second Class,SE-20110
CA-2014-106824,2014-08-07,2014-12-07,Standard Class,AT-10735
CA-2012-109190,,,Standard Class,CC-12685
CA-2013-143154,2013-03-12,2013-09-12,Standard Class,AS-10225
CA-2011-169061,2011-05-03,2011-08-03,Second Class,AB-10150
CA-2012-102316,,2012-03-03,Second Class,DH-13075
CA-2011-164903,,,Standard Class,SR-20740
CA-2013-109400,2013-03-05,2013-07-05,Standard Class,NR-18550
CA-2013-130400,2013-09-03,,Standard Class,SJ-20125
CA-2012-135853,2012-11-12,,First Class,CA-12775
CA-2013-103359,,,Standard Class,LC-16885
CA-2013-144645,2013-02-02,2013-08-02,Standard Class,NS-18640
CA-2014-141614,2014-06-06,2014-10-06,Standard Class,NS-18640
CA-2012-122168,,,Standard Class,HG-14965
CA-2013-132899,2013-08-04,2013-12-04,Standard Class,SF-20200
CA-2014-149720,2014-05-06,2014-08-06,Second Class,EM-14065
CA-2014-118003,2014-05-12,2014-11-12,Standard Class,DO-13645
CA-2013-141887,2013-11-01,,Standard Class,MP-17470
US-2013-160206,2013-02-04,2013-08-04,Standard Class,MY-18295
CA-2014-133074,,,Standard Class,DB-13615
CA-2014-161172,,,Same Day,SP-20920
CA-2014-137624,2014-11-11,,Standard Class,ME-17320
CA-2013-156748,2013-01-12,2013-07-12,Standard Class,BS-11755
CA-2012-169677,,,Second Class,KS-16300
US-2011-163146,,,Standard Class,CC-12475
CA-2012-157343,2012-07-06,2012-11-06,Standard Class,HD-14785
CA-2014-147354,2014-10-03,,Standard Class,KB-16315
CA-2012-157287,,,First Class,HR-14830
CA-2011-137575,2011-06-08,2011-11-08,Standard Class,TB-21625
CA-2013-119074,,2013-01-04,Standard Class,DS-13180
CA-2012-149566,2012-05-12,2012-10-12,Standard Class,GB-14530
CA-2012-126186,2012-11-09,2012-12-09,First Class,GB-14530
CA-2012-121132,,,Standard Class,VB-21745
CA-2011-140473,,2011-03-06,Standard Class,MC-17425
US-2014-102904,,,Standard Class,CB-12025
CA-2013-102092,2013-10-12,2013-12-12,First Class,PM-18940
CA-2012-117884,,,Same Day,DC-13285
CA-2013-132829,,,Second Class,LA-16780
CA-2013-123540,2013-03-04,2013-07-04,Second Class,DJ-13420
US-2014-108315,2014-01-05,2014-05-05,Standard Class,MH-18115
CA-2013-134110,,,First Class,BG-11035
US-2013-136581,2013-11-11,,First Class,SV-20365
CA-2013-162390,2013-07-12,,Standard Class,DP-13105
CA-2013-162222,2013-04-04,2013-04-04,Same Day,SR-20740
CA-2011-121629,,2011-02-12,Standard Class,BT-11680
CA-2012-164623,,,First Class,MS-17770
CA-2011-159849,,,Same Day,JK-15640
CA-2014-101273,,,Second Class,ST-20530
CA-2014-106747,2014-04-07,2014-05-07,First Class,TS-21505
CA-2014-146164,,,Standard Class,CM-12190
CA-2013-111605,,2014-03-01,Standard Class,JW-15955
CA-2011-130673,,,Second Class,MC-17590
CA-2011-104808,2011-05-02,2011-09-02,Second Class,MH-17440
US-2014-132927,2014-10-12,,Standard Class,RD-19720
CA-2014-162012,2014-12-07,,Standard Class,KB-16240
CA-2012-138492,,,Standard Class,FC-14335
CA-2014-145338,,2014-02-02,First Class,BD-11770
CA-2014-126676,,2014-02-10,First Class,FH-14365
CA-2014-101700,,,First Class,SO-20335
CA-2014-159667,2014-10-11,,Standard Class,PM-19135
CA-2011-111934,2011-05-05,2011-07-05,First Class,GD-14590
US-2013-117387,,2013-01-11,Standard Class,PA-19060
CA-2011-141110,,2011-01-12,Standard Class,LS-17200
US-2011-133949,,,Same Day,JL-15175
US-2013-116365,2013-03-01,2013-08-01,Standard Class,CA-12310
CA-2014-162936,,,Standard Class,CM-12160
CA-2011-151946,2011-04-06,2011-09-06,Standard Class,BT-11440
CA-2014-123624,,,Second Class,SE-20110
CA-2013-146437,,2013-01-02,Second Class,HG-14965
CA-2013-138233,2013-10-11,,Standard Class,PF-19165
CA-2013-165918,2013-11-09,,Standard Class,BD-11770
CA-2014-117513,2014-04-03,2014-09-03,Standard Class,BT-11395
CA-2014-132437,2014-09-09,,Second Class,EM-14095
US-2014-119319,2014-07-11,2014-10-11,Second Class,LC-17050
CA-2014-104318,,,Standard Class,FH-14275
US-2013-114230,,2013-02-12,Standard Class,CM-12235
CA-2012-136147,,,Standard Class,FM-14380
CA-2012-156118,2012-08-12,2012-12-12,Standard Class,HG-14965
CA-2012-164084,2012-07-09,2012-12-09,Standard Class,AG-10525
CA-2013-107783,,,First Class,OT-18730
CA-2014-159793,,,Standard Class,SV-20365
CA-2011-160094,,2011-02-05,First Class,JM-16195
CA-2014-151281,,2014-03-05,Standard Class,HM-14980
CA-2014-118346,,,First Class,PO-19180
CA-2011-129819,,,Second Class,KC-16675
US-2014-148551,,,Standard Class,DB-13120
CA-2014-147767,2014-03-12,2014-03-12,Same Day,SV-20935
CA-2012-108259,2012-08-11,,Standard Class,NS-18640
CA-2013-113341,,,Standard Class,MH-17455
US-2012-131842,2012-05-12,2012-08-12,First Class,RR-19525
CA-2013-164574,,2013-04-08,Standard Class,RH-19555
CA-2011-142769,,,Same Day,RP-19390
CA-2013-168361,,,Standard Class,KB-16600
CA-2013-153185,2013-04-09,2013-09-09,Standard Class,MH-17620
CA-2014-124765,,2014-01-12,Standard Class,HZ-14950
CA-2012-131856,2012-12-05,,Standard Class,JG-15160
CA-2014-126634,,2014-02-04,Second Class,AB-10165
CA-2013-118500,,,First Class,HJ-14875
CA-2013-163951,,2014-03-01,First Class,CJ-11875
CA-2013-149916,,,Second Class,ED-13885
CA-2012-158918,,,Second Class,AI-10855
US-2011-159611,,2012-01-01,Second Class,KB-16315
CA-2014-163265,,,Standard Class,JS-16030
CA-2014-141705,,,First Class,PO-18850
CA-2013-112739,2013-03-09,2013-08-09,Second Class,RD-19810
CA-2013-143805,2013-02-12,2013-04-12,Second Class,JD-15895
CA-2011-133634,2011-05-11,2011-10-11,Standard Class,SR-20740
CA-2014-101665,,2014-02-12,Standard Class,TZ-21580
CA-2013-155446,,,Standard Class,TN-21040
CA-2014-137323,,,Second Class,PW-19030
CA-2013-144015,,,Same Day,AH-10075
CA-2011-101427,,,Standard Class,AY-10555
CA-2013-136770,,,Standard Class,SP-20650
CA-2013-118311,,,Standard Class,ED-13885
US-2011-112795,,,Second Class,CR-12625
CA-2014-127096,,,Second Class,CS-12400
CA-2014-119284,,,Standard Class,TS-21205
CA-2012-133494,2012-01-03,2012-05-03,Standard Class,RP-19390
CA-2013-111318,,,First Class,IL-15100
US-2011-132745,2011-01-10,2011-05-10,Standard Class,NF-18475
CA-2011-146815,2011-08-09,,Standard Class,PP-18955
CA-2011-119144,,,First Class,JD-16150
CA-2011-105648,2011-03-03,2011-07-03,Standard Class,EJ-14155
US-2012-145422,2012-03-12,2012-07-12,Standard Class,PW-19240
CA-2014-136623,2014-12-07,,Standard Class,TS-21430
CA-2014-121678,,,Second Class,BM-11650
CA-2013-120824,,,Second Class,AW-10930
US-2013-135209,,2014-01-01,Second Class,MH-17290
CA-2014-148145,,,Standard Class,SW-20275
CA-2012-103870,,,Standard Class,SP-20860
CA-2012-111017,,2012-06-08,Standard Class,SC-20695
CA-2014-116988,,,Second Class,PW-19030
US-2011-169390,2011-08-02,2011-11-02,Second Class,CS-12250
CA-2013-168774,2013-05-09,2013-10-09,Standard Class,RP-19855
CA-2014-161592,2014-07-04,2014-11-04,Standard Class,CS-12175
US-2014-131961,2014-09-12,2014-12-12,First Class,MJ-17740
CA-2013-102498,,,First Class,JG-15160
CA-2012-113222,2012-09-11,2012-09-11,Same Day,AG-10765
US-2012-144771,2012-02-10,2012-04-10,First Class,CK-12205
CA-2012-162376,,,Second Class,HD-14785
CA-2014-128076,2014-03-02,2014-08-02,Standard Class,BO-11350
US-2012-163825,,,First Class,LC-16885
CA-2013-105662,2013-06-05,2013-10-05,Standard Class,RB-19465
CA-2014-152198,2014-10-09,2014-11-09,First Class,JD-16015
CA-2013-114307,,,Standard Class,MF-17665
CA-2013-159891,,2013-06-02,Standard Class,BF-11170
CA-2013-112578,,2014-03-01,Standard Class,FO-14305
CA-2012-107083,,,Standard Class,BB-11545
CA-2012-151722,2012-05-10,2012-09-10,Standard Class,IL-15100
CA-2013-151148,,,Same Day,PO-19180
CA-2014-115882,,,First Class,DB-13555
CA-2012-132276,,,Standard Class,LC-16960
CA-2013-163636,2013-06-12,2013-10-12,Second Class,MP-18175
CA-2013-102813,2013-03-07,2013-04-07,First Class,EA-14035
CA-2014-135377,,,Standard Class,BP-11095
CA-2012-165813,,,Second Class,BM-11785
CA-2012-133585,2012-01-03,2012-04-03,First Class,CM-12715
CA-2013-116911,,,Standard Class,JD-16150
US-2014-129224,,,Standard Class,AS-10630
CA-2014-145765,,2014-03-06,Standard Class,CM-11815
CA-2014-126914,,,Standard Class,JE-15715
CA-2012-169572,2012-06-09,2012-12-09,Standard Class,AG-10525
CA-2014-162075,,,Standard Class,TT-21220
CA-2011-162992,,,First Class,BP-11095
CA-2013-106397,2013-08-07,,Standard Class,MJ-17740
US-2013-150140,2013-07-04,2013-11-04,Standard Class,VM-21685
CA-2011-116666,2011-08-05,2011-10-05,First Class,KT-16480
CA-2014-148992,,,Standard Class,CS-12250
CA-2013-140935,2013-11-11,,First Class,AB-10015
CA-2011-157644,,2012-01-01,First Class,AH-10030
US-2014-100398,,,Standard Class,DO-13435
CA-2013-113082,,,Standard Class,MC-17590
US-2014-110646,,2014-01-11,Standard Class,JF-15190
CA-2014-120614,,2014-05-06,Standard Class,SM-20950
US-2013-140172,2013-09-03,,Standard Class,SP-20650
CA-2012-127754,,,Standard Class,CK-12760
CA-2012-144274,,,Second Class,PW-19240
CA-2012-142930,,2012-02-12,Standard Class,EB-14170
CA-2014-100622,2014-04-11,2014-08-11,Standard Class,DK-13090
CA-2014-117156,,,Second Class,TB-21055
CA-2012-115399,,,First Class,AG-10900
US-2011-157847,2011-02-04,2011-06-04,Second Class,SC-20020
CA-2012-115168,2012-05-06,2012-09-06,Standard Class,BB-11545
CA-2011-109680,2011-06-10,2011-09-10,First Class,VP-21760
CA-2013-167983,,,Second Class,RP-19270
CA-2012-145324,,,Standard Class,DH-13675
CA-2012-153423,,,Standard Class,SW-20455
US-2014-132675,,,Standard Class,KF-16285
CA-2011-153808,2011-06-04,2011-10-04,Second Class,FH-14275
US-2013-112396,2013-09-02,,Standard Class,JR-16210
CA-2011-141173,,,Second Class,JC-16105
CA-2014-156664,,,Standard Class,BP-11290
CA-2012-140718,2012-02-07,2012-04-07,First Class,FA-14230
CA-2011-119977,2011-08-10,,Second Class,DN-13690
US-2012-115343,,,First Class,FO-14305
CA-2014-163671,,,Standard Class,DP-13105
CA-2014-135909,,,Standard Class,JW-15220
US-2014-114356,,,Standard Class,TT-21460
CA-2012-125934,2012-11-09,,Standard Class,SN-20560
CA-2012-158148,,,Standard Class,JM-15865
CA-2011-120411,,,First Class,SB-20185
CA-2013-158260,2013-05-11,2013-09-11,Standard Class,CC-12475
CA-2014-101805,2014-02-12,2014-07-12,Standard Class,SH-19975
US-2011-105137,2011-10-10,2011-10-10,Same Day,RB-19435
CA-2014-142489,,,Second Class,TC-21295
US-2013-141264,,,Standard Class,CT-11995
CA-2014-126928,,,Standard Class,GZ-14470
US-2012-107944,,,First Class,AM-10360
CA-2013-135594,2013-01-07,2013-04-07,Second Class,AH-10120
US-2014-115252,,,Standard Class,MY-18295
CA-2011-107398,,,Standard Class,BS-11590
CA-2011-169642,,,Second Class,BB-10990
CA-2014-103968,2014-02-12,2014-08-12,Standard Class,ML-17755
CA-2013-147256,,,Second Class,FC-14245
CA-2013-162159,,,First Class,CR-12625
CA-2012-111038,2012-01-12,2012-06-12,Standard Class,LC-16960
CA-2011-124723,2011-05-08,2011-12-08,Standard Class,GZ-14470
CA-2013-167241,,,Standard Class,BD-11320
CA-2012-163237,2012-07-08,2012-09-08,Second Class,EM-14095
CA-2013-150483,2013-01-06,2013-05-06,Standard Class,BP-11290
US-2013-126431,2013-02-07,2013-02-07,Same Day,SU-20665
CA-2013-139934,,,First Class,AY-10555
CA-2012-109603,,2012-01-02,Standard Class,EM-13825
CA-2014-160661,,2014-02-11,Standard Class,SA-20830
CA-2014-102610,2014-05-11,2014-09-11,Standard Class,CA-12265
US-2013-144057,2013-10-05,,Standard Class,CV-12805
CA-2011-160276,2011-02-04,2011-08-04,Standard Class,AH-10690
CA-2011-132983,,2011-03-05,Standard Class,DS-13180
CA-2013-145709,2013-05-10,2013-09-10,Standard Class,AH-10690
CA-2014-133928,2014-12-06,,Standard Class,ZC-21910
CA-2013-168032,,2013-03-02,Standard Class,DF-13135
CA-2012-143616,,,Second Class,SS-20140
US-2012-168704,,,Standard Class,FP-14320
CA-2014-143252,,,Standard Class,HE-14800
CA-2013-102134,,,Standard Class,SP-20545
CA-2014-130036,,,Same Day,BP-11185
CA-2012-134117,,,Second Class,PG-18895
CA-2011-130918,,,Second Class,JP-15520
CA-2013-159023,2013-04-11,2013-06-11,First Class,NW-18400
CA-2014-111717,2014-11-10,,Standard Class,SW-20245
CA-2011-154592,2011-07-12,2011-08-12,First Class,EH-14005
CA-2011-128622,,,Second Class,SC-20260
CA-2014-148355,,,Standard Class,NC-18535
CA-2011-132913,,,First Class,AS-10090
CA-2014-150910,,,Standard Class,JL-15130
CA-2011-156790,2011-08-08,2011-10-08,Second Class,VG-21790
CA-2011-126480,,,Standard Class,HG-14965
CA-2014-105620,,,First Class,JH-15430
CA-2014-150266,,2014-01-12,Standard Class,RO-19780
CA-2013-157280,2013-06-11,2013-08-11,First Class,LW-17125
CA-2014-106691,2014-07-11,,Standard Class,CC-12370
CA-2013-134180,2013-04-11,2013-08-11,Standard Class,JP-16135
CA-2011-166730,,2012-01-01,First Class,DD-13570
CA-2014-157469,2014-03-12,2014-08-12,Standard Class,ES-14080
CA-2014-122308,,,Standard Class,MV-17485
US-2011-149034,,,First Class,RD-19900
CA-2014-159226,,,Second Class,RL-19615
CA-2014-156622,,,First Class,JP-15460
CA-2011-119529,2011-03-11,2011-05-11,Second Class,DM-13345
CA-2012-150413,,,Second Class,CS-11860
CA-2011-108182,2011-07-02,2011-11-02,Second Class,DL-13315
CA-2013-110898,2013-07-03,,Standard Class,LC-16870
CA-2012-123092,2012-03-12,2012-07-12,Standard Class,JG-15115
US-2012-128587,,,Standard Class,HM-14860
US-2014-139577,2014-02-10,2014-07-10,Standard Class,TN-21040
CA-2014-159100,,,Standard Class,VP-21760
CA-2011-109043,,,First Class,CS-12355
US-2014-116491,2014-12-11,,First Class,PG-18820
CA-2014-122763,,,Same Day,HG-14845
CA-2014-137785,,,Standard Class,MH-18115
CA-2011-133389,,,Same Day,TB-21280
CA-2011-103807,2011-02-12,2011-09-12,Standard Class,EM-13825
CA-2012-102855,2012-05-04,2012-06-04,Same Day,JF-15415
CA-2014-107825,,,Same Day,NB-18655
CA-2014-106047,,,Standard Class,CS-11860
CA-2014-127803,,,Standard Class,ND-18460
CA-2012-137071,,,First Class,ED-13885
CA-2013-121447,,,First Class,EA-14035
CA-2014-143084,,,Standard Class,BP-11050
CA-2013-131639,,,Standard Class,NS-18640
CA-2013-161361,,,Second Class,MV-17485
CA-2011-100706,,,Second Class,LE-16810
CA-2012-129525,,,Standard Class,VP-21760
US-2013-141880,,,First Class,TC-21475
CA-2012-165799,,2012-02-07,First Class,SG-20470
CA-2013-102127,,2013-03-07,Standard Class,VP-21760
US-2013-152415,,,Standard Class,PO-18865
CA-2011-138198,,,Standard Class,JL-15130
CA-2014-128041,2014-02-09,2014-02-09,Same Day,RW-19540
CA-2014-105823,,,Standard Class,RB-19465
CA-2011-152268,2011-02-09,2011-07-09,Standard Class,SC-20095
CA-2012-148873,2012-01-10,2012-05-10,Standard Class,EM-13960
CA-2012-166492,2012-07-04,2012-10-04,First Class,RP-19390
CA-2014-157420,,,Same Day,HZ-14950
CA-2013-117121,,,Standard Class,AB-10105
CA-2011-138177,,,Standard Class,ND-18460
CA-2011-114335,,2011-03-10,Standard Class,XP-21865
CA-2012-168760,,,Second Class,MM-18280
CA-2013-168830,2013-08-11,,Standard Class,ML-17395
CA-2014-137463,,,Second Class,KM-16225
CA-2011-124513,,,Standard Class,SL-20155
CA-2012-165554,,,Standard Class,AJ-10780
CA-2011-141838,,,Second Class,DK-12835
CA-2014-117009,,,Standard Class,BK-11260
CA-2012-128993,2012-12-09,,Second Class,CC-12670
CA-2012-160227,2012-02-11,2012-04-11,First Class,ED-13885
CA-2012-149097,,,Standard Class,SV-20785
CA-2013-132304,,,Standard Class,AR-10825
CA-2012-136420,,,First Class,CS-12250
CA-2013-101623,,2013-07-03,Standard Class,RR-19525
US-2011-151015,,,Standard Class,BD-11500
CA-2014-152968,,,Standard Class,BM-11785
CA-2013-150077,2013-04-02,2013-10-02,Standard Class,MS-17365
CA-2013-106278,2013-03-09,2013-06-09,Second Class,BM-11140
CA-2014-147550,2014-05-12,2014-06-12,First Class,KE-16420
CA-2012-136105,2012-12-06,,Standard Class,SZ-20035
CA-2013-142524,2013-05-09,2013-09-09,Standard Class,MB-18085
CA-2011-136336,,,Standard Class,DB-13555
US-2012-136259,2012-05-11,2012-08-11,First Class,CB-12415
US-2011-124625,2011-03-11,2011-07-11,Standard Class,SP-20650
CA-2013-108105,,,Standard Class,GW-14605
CA-2014-166898,2014-12-09,,Second Class,KH-16630
CA-2014-169005,2014-03-11,2014-07-11,Standard Class,BG-11035
CA-2012-104038,2012-06-02,2012-08-02,First Class,LO-17170
CA-2013-126102,2013-11-09,,Second Class,DV-13465
CA-2013-143406,,2013-01-10,Standard Class,LR-17035
CA-2012-150308,,,Standard Class,RR-19525
CA-2013-131093,,,Second Class,TS-21610
US-2014-148831,,,First Class,AH-10210
CA-2012-162950,,2012-03-07,Second Class,DW-13585
US-2012-132836,2012-01-06,2012-05-06,Standard Class,AJ-10945
US-2011-158365,2011-12-04,,Standard Class,SV-20785
CA-2014-152933,,,Standard Class,MG-17650
CA-2012-163181,2012-07-11,2012-12-11,Standard Class,AB-10105
CA-2012-132941,,,First Class,MM-18280
CA-2011-132010,,,First Class,MA-17995
CA-2013-135461,2013-07-02,2013-10-02,Second Class,EB-13975
CA-2014-153045,,,Second Class,NS-18505
US-2013-155971,2013-07-06,,Standard Class,RB-19795
CA-2014-122007,,,Second Class,JK-15325
CA-2014-162250,,,Same Day,PR-18880
US-2013-158288,,,Second Class,EH-13945
CA-2013-128916,,,Second Class,MA-17560
CA-2012-157028,,2012-03-12,Standard Class,MA-17995
CA-2014-112473,,2014-02-06,Standard Class,JL-15505
US-2014-147655,2014-05-09,2014-06-09,First Class,AS-10045
CA-2013-130911,,,Second Class,DC-12850
CA-2014-100055,,2014-02-06,Standard Class,MD-17860
CA-2012-157805,,2012-04-09,Standard Class,RH-19510
CA-2013-124254,,,Standard Class,TB-21175
CA-2011-123400,2011-03-02,2011-10-02,Standard Class,EB-13930
CA-2011-106971,2011-02-09,2011-08-09,Standard Class,BM-11785
CA-2014-123029,2014-01-10,2014-03-10,Second Class,BT-11530
CA-2013-139409,2013-06-09,2013-08-09,First Class,FW-14395
US-2014-166688,,,Standard Class,RD-19480
CA-2012-126970,,,Standard Class,TP-21130
US-2013-165505,,,Standard Class,CB-12535
US-2011-157070,2011-01-06,2011-06-06,Standard Class,QJ-19255
US-2012-106873,,,Second Class,KM-16720
CA-2013-132990,2013-02-08,2013-04-08,Second Class,KM-16660
CA-2011-102645,,,Standard Class,IM-15055
CA-2011-134215,2011-04-08,2011-08-08,Standard Class,ML-17395
CA-2013-118934,2013-10-08,,Standard Class,GH-14410
CA-2013-160108,2013-09-12,,Standard Class,AG-10900
CA-2012-164007,2012-08-06,2012-12-06,Standard Class,MG-17695
CA-2013-100300,,,Second Class,MJ-17740
CA-2013-140571,,,Standard Class,SJ-20125
US-2013-155768,2013-02-12,2013-02-12,Same Day,LB-16795
CA-2014-119424,,,Second Class,SB-20185
CA-2013-118178,,,Standard Class,CC-12610
CA-2013-166618,,,Standard Class,DP-13000
CA-2014-156776,2014-08-08,2014-12-08,Standard Class,JL-15505
US-2012-130512,,,Standard Class,SM-20320
CA-2012-141810,2012-02-11,2012-07-11,Standard Class,BB-10990
CA-2011-146843,,2011-06-12,Standard Class,PB-19150
CA-2011-103310,2011-10-05,,Standard Class,GM-14680
CA-2013-152688,,,First Class,NR-18550
CA-2013-153836,,2013-04-11,Standard Class,EH-13765
CA-2013-104689,2013-02-12,2013-06-12,Standard Class,FH-14365
CA-2013-146423,,,Same Day,BT-11680
CA-2014-140781,2014-04-08,2014-08-08,Standard Class,AB-10105
CA-2014-141747,2014-04-08,2014-09-08,Second Class,SC-20230
CA-2014-142776,2014-12-12,,Second Class,RS-19870
CA-2012-167479,,,Standard Class,AI-10855
CA-2011-144071,2011-08-12,,Standard Class,DJ-13420
US-2014-120908,2014-01-10,2014-03-10,First Class,BF-10975
CA-2013-152646,,,Standard Class,TH-21235
CA-2014-103765,,2014-01-12,Standard Class,JG-15310
US-2014-118157,,,First Class,AW-10930
US-2012-164238,,,Standard Class,JW-15955
CA-2014-103212,,,First Class,MH-18025
CA-2014-121160,2014-05-11,2014-05-11,Same Day,FM-14290
CA-2014-140515,,,Standard Class,GZ-14545
CA-2011-153619,2011-03-11,2011-03-11,Same Day,TC-21535
CA-2014-133718,,,First Class,TB-21520
CA-2011-148383,,,Standard Class,RP-19390
CA-2013-126732,2013-03-09,2013-07-09,Standard Class,LR-16915
CA-2014-138156,2014-12-02,,First Class,MM-17260
CA-2014-110310,,2014-03-11,Standard Class,NB-18655
CA-2011-113271,2011-09-07,,Standard Class,DS-13030
CA-2014-130106,,,Standard Class,VF-21715
CA-2013-127761,2013-11-11,,Standard Class,SW-20275
CA-2013-105354,2013-03-12,2013-07-12,Standard Class,PW-19030
CA-2014-155712,2014-03-03,2014-09-03,Standard Class,KD-16615
CA-2014-102309,,,Second Class,DO-13645
CA-2011-168368,2011-12-02,,Second Class,GA-14725
CA-2014-167976,2014-12-11,,Second Class,JL-15505
CA-2014-111388,2014-03-09,2014-03-09,Same Day,SU-20665
CA-2012-124499,2012-09-10,,Standard Class,FM-14380
US-2014-128118,,2014-02-12,Standard Class,MY-17380
CA-2011-125759,2011-09-02,2011-10-02,First Class,NM-18445
CA-2012-151869,,,Same Day,CS-11950
US-2014-102183,,,Standard Class,PK-19075
CA-2013-100510,,,Standard Class,HM-14860
CA-2014-146983,2014-03-09,2014-07-09,Standard Class,AH-10210
US-2011-134054,2011-10-10,2011-10-10,Same Day,FC-14335
CA-2013-113236,,,Second Class,CP-12085
CA-2014-122539,2014-02-12,2014-06-12,Standard Class,SC-20305
CA-2013-166772,,,Standard Class,HJ-14875
US-2014-152898,2014-12-09,,Standard Class,CB-12025
CA-2013-160486,,2014-05-01,Standard Class,EH-14185
CA-2014-102218,2014-03-09,2014-05-09,Second Class,LW-17215
CA-2011-161032,,,Standard Class,MK-17905
CA-2012-102778,,,First Class,JH-15820
CA-2014-154011,,,Standard Class,DB-13270
US-2014-165456,2014-01-12,2014-04-12,First Class,TB-21625
CA-2011-111857,,,Second Class,NM-18445
CA-2011-163650,,,First Class,TT-21220
CA-2014-124114,2014-03-03,2014-03-03,Same Day,RS-19765
US-2014-116505,,,Second Class,TB-21625
CA-2014-161340,,2014-02-06,Standard Class,AM-10360
US-2012-163433,,,Second Class,MP-17965
CA-2012-137603,,,Standard Class,MH-17290
CA-2011-128237,,,Standard Class,CA-12265
US-2013-102141,,2013-01-09,Standard Class,KD-16615
CA-2014-148642,2014-07-03,,Standard Class,DW-13540
CA-2012-111948,2012-11-11,2012-11-11,Same Day,AG-10495
CA-2013-161907,2013-06-04,2013-10-04,Standard Class,JH-16180
CA-2014-124940,,,Standard Class,DK-13090
US-2014-108343,,,Standard Class,AR-10825
US-2013-111563,2013-05-11,2013-09-11,Standard Class,SM-20005
CA-2014-121853,,,Standard Class,DB-13660
US-2014-130687,2014-08-09,2014-11-09,First Class,PF-19225
CA-2012-164497,,,First Class,AJ-10945
US-2012-153283,2012-12-11,,Standard Class,EB-14110
CA-2013-108056,,2013-04-10,Standard Class,ES-14080
CA-2014-127726,2014-12-09,,Second Class,SS-20410
CA-2014-110198,2014-02-05,2014-03-05,First Class,AG-10900
CA-2014-130715,,,Standard Class,CY-12745
CA-2011-155264,,,Second Class,RP-19270
CA-2013-119123,,,Standard Class,DB-13360
CA-2014-109085,,,First Class,CK-12325
CA-2013-114860,,,Standard Class,DN-13690
CA-2013-159009,,,Standard Class,DP-13105
CA-2014-148411,,,First Class,RO-19780
CA-2012-110324,2012-01-12,2012-05-12,Standard Class,MA-17560
CA-2013-168046,,,Second Class,JD-15895
CA-2014-111591,,,Standard Class,PS-18970
US-2011-166828,,,First Class,JF-15415
CA-2011-108147,2011-08-06,,Standard Class,RD-19480
CA-2013-154998,2013-08-04,2013-10-04,First Class,ES-14080
CA-2014-113460,2014-08-11,2014-10-11,Second Class,KN-16390
CA-2012-111339,,,First Class,VP-21760
CA-2014-102820,2014-08-05,2014-12-05,Standard Class,CS-11950
CA-2013-149671,2013-06-06,2013-10-06,Standard Class,KB-16600
CA-2012-126347,,,Second Class,AJ-10945
CA-2014-108756,,,Standard Class,PO-18865
CA-2014-155362,,,Standard Class,DP-13105
CA-2013-117625,2013-11-05,,Standard Class,GM-14500
CA-2011-154158,,,Second Class,CC-12670
CA-2014-100433,2014-12-08,,Standard Class,SJ-20125
CA-2014-163097,,2014-01-09,Standard Class,SF-20200
US-2014-127292,,,Standard Class,RM-19375
CA-2012-163734,,,Standard Class,KM-16375
CA-2014-162474,,,First Class,FH-14275
CA-2012-130848,,,Same Day,DG-13300
CA-2011-125997,,,First Class,MW-18220
CA-2013-103128,2013-12-11,,Standard Class,SC-20845
CA-2012-167696,,,Standard Class,BD-11500
CA-2011-159814,,,Standard Class,LP-17080
CA-2013-105459,,,Second Class,NP-18700
CA-2014-141663,,,Standard Class,DP-13105
CA-2011-152618,,,First Class,RB-19465
CA-2014-162789,,,Second Class,LC-17140
US-2014-110149,2014-11-12,,First Class,WB-21850
CA-2013-108959,2013-11-03,,Second Class,MH-17785
CA-2012-164777,,,First Class,SC-20305
CA-2013-132017,,,First Class,MH-17620
CA-2012-127824,,,Standard Class,JC-15775
CA-2011-148285,,2011-01-11,Standard Class,RD-19810
CA-2014-152926,2014-03-10,2014-05-10,Second Class,SC-20695
CA-2011-145254,,,Standard Class,NC-18535
CA-2011-116246,2011-12-09,,Second Class,LW-17215
CA-2013-160479,,,Standard Class,AH-10585
CA-2011-167486,,2011-01-12,Standard Class,JO-15145
CA-2011-152100,2011-11-05,,Standard Class,VW-21775
CA-2012-166219,,2012-01-09,Standard Class,BP-11185
CA-2012-111864,,,Same Day,PP-18955
CA-2012-119627,,,Standard Class,SC-20725
CA-2012-160787,,,Same Day,BM-11785
CA-2014-107853,,2014-01-06,Standard Class,CD-11920
CA-2014-126144,2014-01-08,2014-06-08,Standard Class,GM-14680
US-2011-154655,2011-12-10,,Standard Class,BP-11050
CA-2011-100391,,,Standard Class,BW-11065
CA-2011-165477,,,Second Class,RE-19405
CA-2014-165904,2014-08-04,2014-12-04,Standard Class,HR-14770
CA-2012-104052,2012-01-03,2012-02-03,First Class,TP-21565
CA-2012-168277,,2012-03-06,Standard Class,KB-16315
CA-2013-158617,,,Standard Class,AC-10660
CA-2014-136882,,2014-04-06,Standard Class,DN-13690
US-2013-148957,,,Standard Class,CC-12430
CA-2011-140032,2011-08-09,,Standard Class,TS-21340
CA-2014-145506,2014-04-06,2014-08-06,Standard Class,MO-17800
CA-2012-129546,,2012-05-10,Standard Class,RP-19855
CA-2013-140977,,,Second Class,JL-15175
CA-2014-151855,,2014-04-06,Standard Class,BW-11110
CA-2011-138240,2011-09-10,,Standard Class,SJ-20500
CA-2011-101833,,,Second Class,FG-14260
CA-2011-100867,,,Standard Class,EH-14125
US-2014-109610,,2014-01-12,Second Class,BS-11590
CA-2011-156545,,2011-03-03,First Class,JS-16030
CA-2011-109127,,,Standard Class,JC-15775
CA-2013-126858,,,Standard Class,JM-15265
CA-2014-102925,2014-06-11,2014-11-11,Second Class,CD-12280
CA-2012-100818,,2012-05-06,Second Class,JM-15265
CA-2011-126193,2011-07-09,,Standard Class,SS-20410
CA-2014-150504,2014-07-11,,Standard Class,HG-14845
CA-2012-158351,,,Second Class,BC-11125
CA-2011-122679,,,Standard Class,AB-10255
CA-2013-164770,2013-03-12,2013-05-12,Second Class,MY-18295
CA-2014-130505,,,Same Day,NF-18385
US-2014-125213,2014-12-12,,First Class,NB-18655
CA-2012-156566,2012-01-10,2012-04-10,First Class,EM-13960
US-2013-102232,2013-06-08,2013-12-08,Standard Class,MF-17665
CA-2014-111738,2014-04-01,2014-08-01,Standard Class,CM-12385
CA-2014-163188,2014-08-11,2014-08-11,Same Day,EC-14050
CA-2013-105207,2013-03-01,2013-08-01,Standard Class,BO-11350
US-2013-123610,,,Standard Class,VM-21835
CA-2014-118213,2014-06-11,2014-08-11,First Class,AB-10060
CA-2013-149237,,,Standard Class,CM-12235
US-2012-158589,,,Standard Class,KW-16570
CA-2013-101329,,,Standard Class,MM-17920
CA-2013-113607,,,Standard Class,PW-19030
CA-2011-149104,2011-05-04,2011-07-04,Second Class,RD-19900
CA-2013-105263,2013-07-08,2013-12-08,Standard Class,LM-17065
CA-2011-130575,,,First Class,CS-11845
CA-2014-142461,,2014-04-06,Second Class,KT-16480
CA-2013-125220,,,Standard Class,BE-11410
CA-2011-100293,,,Standard Class,NF-18475
CA-2011-154165,,,Standard Class,DL-13315
CA-2012-123939,,,Second Class,MS-17710
US-2014-104451,2014-09-05,,Second Class,MM-18055
CA-2013-101189,2013-04-02,2013-09-02,Standard Class,JB-15400
CA-2011-169446,,,Standard Class,SG-20605
CA-2014-156958,2014-06-12,2014-07-12,First Class,PB-18805
CA-2014-101637,,,Same Day,AC-10615
CA-2014-111759,2014-09-07,,Standard Class,MR-17545
CA-2014-102729,,2014-01-11,Standard Class,BF-11215
CA-2013-116596,,2013-01-11,Standard Class,BW-11200
CA-2014-124191,,,Second Class,TS-21610
CA-2013-148747,,,First Class,AS-10045
US-2014-169488,2014-08-09,2014-10-09,First Class,AA-10375
CA-2012-135727,2012-11-05,,Second Class,PS-18970
CA-2012-135251,2012-06-08,2012-10-08,Standard Class,RP-19270
CA-2011-166590,,2011-02-11,Standard Class,NC-18625
CA-2013-131744,,,Second Class,SC-20770
CA-2012-160864,2012-03-05,2012-06-05,First Class,NF-18595
CA-2012-147690,2012-10-11,,Standard Class,SC-20020
CA-2012-163923,,2012-03-06,Standard Class,BD-11560
CA-2013-125724,,,Standard Class,SM-20950
CA-2012-111612,,2012-02-12,Standard Class,EB-14110
CA-2012-156853,2012-03-12,2012-05-12,Second Class,HP-14815
CA-2011-103086,,,Second Class,EB-14170
CA-2013-129280,2013-04-05,2013-06-05,First Class,SM-20905
CA-2012-161242,2012-01-06,2012-08-06,Standard Class,CG-12040
CA-2011-130428,,,Same Day,TG-21640
CA-2014-104388,2014-06-07,2014-08-07,First Class,DK-12835
CA-2012-113131,,,Same Day,MB-17305
CA-2012-148495,,,Same Day,SF-20065
CA-2012-143147,,,Second Class,PS-18760
CA-2014-152975,,,First Class,RB-19705
CA-2013-107475,2013-08-06,2013-12-06,Standard Class,RS-19870
CA-2014-116127,,,Second Class,SB-20185
CA-2014-132584,,,First Class,HJ-14875
CA-2013-160598,,,First Class,SV-20815
CA-2013-108630,,,Same Day,BE-11410
US-2014-129203,,,Standard Class,BM-11575
CA-2014-110940,,,Standard Class,AZ-10750
CA-2011-119172,2011-11-05,,Standard Class,HD-14785
US-2013-105452,,2013-02-08,Standard Class,BF-11005
CA-2014-108931,,,Standard Class,HZ-14950
CA-2014-104619,,,Standard Class,KD-16495
CA-2012-149517,,,Standard Class,FC-14245
CA-2012-116841,,,Standard Class,TP-21130
CA-2014-107797,2014-09-05,2014-12-05,Second Class,EB-13705
CA-2013-117604,2013-05-09,2013-10-09,Standard Class,JP-15520
CA-2011-130155,,,First Class,TD-20995
CA-2013-129861,,,Standard Class,DM-13345
CA-2012-138625,2012-02-11,2012-05-11,First Class,EG-13900
US-2014-122672,2014-05-11,2014-10-11,Standard Class,HG-14965
CA-2014-117128,2014-06-12,2014-09-12,Second Class,BF-11080
CA-2013-130638,,,Second Class,SC-20095
CA-2014-144365,,,Standard Class,CS-11950
CA-2013-110086,,,Standard Class,BD-11320
CA-2011-128524,2011-11-11,,First Class,MZ-17515
CA-2013-140256,,,Standard Class,PW-19030
CA-2014-160633,,,Standard Class,BS-11380
CA-2011-115133,,,Standard Class,DA-13450
CA-2014-137449,,2014-01-07,First Class,ME-17725
CA-2014-103520,,,First Class,MH-17785
CA-2011-139283,,,Standard Class,BT-11440
CA-2011-118192,,,Standard Class,MM-17920
CA-2013-168844,2013-01-06,2013-07-06,Standard Class,NM-18520
CA-2014-154809,,,Standard Class,MH-17455
CA-2011-151330,,,First Class,TC-21295
CA-2011-124702,,,Standard Class,MH-17785
US-2014-125808,,,Second Class,EP-13915
CA-2012-116638,,,Second Class,JH-15985
CA-2011-104563,2011-07-03,2011-12-03,Standard Class,CM-12715
US-2014-107979,2014-09-06,,Standard Class,FO-14305
CA-2011-150518,,,Standard Class,MW-18220
CA-2013-107104,,2013-01-12,Standard Class,MS-17365
CA-2014-161893,,,Standard Class,HP-14815
CA-2011-156160,,,Standard Class,AS-10090
CA-2011-100860,,,Second Class,CS-12505
CA-2013-160717,2013-07-06,2013-12-06,Standard Class,ME-17320
CA-2014-132619,2014-01-09,2014-06-09,Standard Class,MS-17770
US-2012-120957,2012-07-12,2012-07-12,Same Day,KH-16690
CA-2014-157448,,,Standard Class,LC-16885
CA-2013-126270,,,Standard Class,AF-10870
CA-2014-145275,2014-03-04,2014-07-04,Standard Class,AH-10465
CA-2012-133396,,,First Class,GK-14620
US-2014-140312,,,Standard Class,KL-16645
CA-2013-114867,,,Standard Class,FM-14290
US-2011-164644,,,Second Class,JL-15850
CA-2013-137393,2013-07-05,2013-11-05,Standard Class,GM-14500
US-2011-120145,,2011-03-12,Standard Class,MC-17635
CA-2013-144785,,,Standard Class,CS-12490
CA-2012-130113,,,Standard Class,AH-10030
CA-2014-122770,,,Standard Class,EP-13915
CA-2014-118668,2014-03-01,2014-05-01,Second Class,FW-14395
CA-2014-116498,,2014-04-06,Standard Class,KA-16525
US-2014-130603,2014-01-10,2014-07-10,Standard Class,SC-20050
US-2014-135986,,,Standard Class,PG-18895
CA-2014-140536,2014-05-04,2014-06-04,First Class,TA-21385
CA-2012-130183,,,Standard Class,PO-18850
CA-2012-107902,,2012-02-09,Standard Class,SM-20950
CA-2014-130148,,,Second Class,NK-18490
US-2013-151260,2013-12-12,,First Class,SC-20695
CA-2011-144281,2011-10-06,,Second Class,HK-14890
CA-2013-122511,2013-12-03,2013-12-03,Same Day,BT-11485
CA-2014-154116,,,Standard Class,KM-16660
CA-2013-105291,,2013-05-11,Standard Class,SP-20920
CA-2014-147032,2014-01-08,2014-05-08,Standard Class,LB-16795
CA-2014-125990,,,Standard Class,JS-16030
CA-2013-161746,,,Standard Class,CS-11950
CA-2011-114251,2011-05-11,2011-10-11,Standard Class,MD-17350
CA-2013-116379,2013-08-11,,Standard Class,LD-17005
US-2013-144477,,,Second Class,DB-13270
CA-2013-108210,,2013-01-06,Same Day,AT-10735
CA-2014-166835,,,Second Class,DK-13375
CA-2013-119641,,,Standard Class,CS-12250
CA-2013-105781,,,Standard Class,JF-15565
CA-2011-101364,,,Standard Class,TW-21025
CA-2012-117898,2012-05-12,2012-11-12,Standard Class,TB-21250
CA-2014-142293,,,First Class,SC-20380
CA-2014-167395,2014-03-12,2014-05-12,First Class,KM-16720
CA-2011-111962,,2011-04-10,Standard Class,EB-14170
CA-2014-124261,,,Standard Class,JE-15715
CA-2011-114321,,,Standard Class,NC-18535
CA-2011-128062,,,Second Class,AD-10180
US-2012-100069,,2012-03-07,Standard Class,NF-18475
CA-2014-129294,,,Standard Class,KD-16615
CA-2012-117086,2012-08-11,2012-12-11,Standard Class,QJ-19255
CA-2014-131303,,2014-03-12,Standard Class,EP-13915
CA-2013-137127,,,Standard Class,JJ-15445
CA-2014-141782,,,Standard Class,BE-11410
CA-2014-137505,,,Same Day,BP-11290
US-2011-140914,2011-11-11,,Standard Class,BH-11710
CA-2013-158358,2013-05-03,2013-09-03,Standard Class,EM-13810
CA-2013-113390,2013-12-10,,Standard Class,EP-13915
US-2013-158680,2013-02-07,2013-03-07,First Class,NZ-18565
CA-2014-113705,,,Second Class,LC-16870
CA-2013-146913,2013-01-11,2013-06-11,Standard Class,SF-20965
CA-2014-159135,2014-05-11,2014-09-11,Standard Class,KM-16375
CA-2011-121762,,,Standard Class,ML-17395
CA-2011-123855,,,Standard Class,MC-18100
CA-2014-101959,2014-01-03,2014-07-03,Standard Class,DB-13660
CA-2014-102659,2014-10-12,,Standard Class,LW-17215
CA-2014-142328,2014-08-12,,Standard Class,TC-21535
CA-2013-123533,,2013-01-12,Standard Class,SC-20050
CA-2013-104983,2013-04-07,2013-04-07,Same Day,FM-14215
CA-2013-160234,,2013-04-07,Standard Class,PF-19225
CA-2011-169019,,,Standard Class,LF-17185
CA-2013-153178,,,Standard Class,CL-12565
CA-2012-149748,,2012-02-06,Second Class,EM-13825
CA-2012-155635,2012-09-05,,Standard Class,ME-17725
US-2011-114377,2011-05-11,2011-05-11,Same Day,BG-11035
CA-2014-144491,,2014-02-04,Standard Class,CJ-12010
CA-2011-127166,,,Second Class,KH-16360
CA-2013-125920,,,Standard Class,SH-19975
CA-2012-128608,2012-12-01,,Standard Class,CS-12490
CA-2014-137918,,2014-07-10,Standard Class,JK-15730
CA-2012-122973,,,Second Class,PJ-19015
CA-2013-136322,,,Standard Class,AP-10720
CA-2014-107209,,2014-02-08,Second Class,JW-15955
CA-2014-145093,,,Standard Class,PT-19090
US-2011-139640,2011-07-11,2011-11-11,Second Class,TB-21595
CA-2013-117583,,2013-01-12,First Class,CB-12025
CA-2012-162201,2012-08-06,2012-12-06,Standard Class,AG-10495
US-2011-164406,,,Standard Class,BD-11605
CA-2014-169999,,,Standard Class,JS-15685
US-2014-152842,,,Standard Class,NF-18385
CA-2011-113257,,,Second Class,SC-20305
CA-2011-133963,,,Second Class,GA-14515
CA-2014-130302,,,Standard Class,CY-12745
CA-2013-126627,2013-11-10,,First Class,WB-21850
US-2013-125402,,2013-02-10,Standard Class,DL-12865
CA-2011-163867,2011-03-06,2011-06-06,First Class,RE-19450
CA-2014-169327,2014-03-09,2014-05-09,Second Class,MH-17290
CA-2011-142979,2011-12-04,,Standard Class,EH-13765
CA-2013-158155,2013-03-05,2013-07-05,Standard Class,EH-13765
CA-2014-138870,,,Standard Class,GA-14515
CA-2011-120950,2011-06-11,2011-11-11,Standard Class,GA-14515
CA-2012-164301,,,Standard Class,EB-13840
CA-2014-113278,,,Standard Class,HR-14770
US-2012-116981,,,Second Class,SM-20950
CA-2011-114195,2011-01-11,2011-03-11,First Class,EA-14035
CA-2014-146269,2014-07-10,2014-07-10,Same Day,MH-17455
CA-2013-100587,2013-11-12,,Standard Class,SL-20155
CA-2013-166653,,,Second Class,NP-18685
CA-2012-130855,,2013-05-01,Standard Class,RF-19840
US-2014-166324,,,First Class,BE-11455
CA-2013-122581,,,Standard Class,JK-15370
CA-2012-104297,,,First Class,CC-12100
CA-2011-153927,2011-12-08,,First Class,LL-16840
CA-2011-112291,2011-03-04,2011-08-04,Standard Class,KE-16420
CA-2011-146997,,,Standard Class,SG-20605
CA-2014-169607,,,First Class,CA-12265
CA-2012-127544,2012-08-08,2012-12-08,Standard Class,RD-19585
CA-2014-166499,,,First Class,VG-21805
US-2013-115441,,,Second Class,SH-19975
CA-2011-115049,,2011-01-10,Standard Class,MM-17920
CA-2011-156342,,,Second Class,JF-15415
CA-2013-112830,2013-07-06,2013-11-06,Standard Class,LP-17095
US-2011-117380,,2011-03-04,Standard Class,MP-18175
CA-2014-117646,,,Standard Class,SC-20845
CA-2011-122609,2011-12-11,,Standard Class,DP-13000
US-2012-129007,,,First Class,KD-16615
US-2011-157231,2011-05-04,2011-09-04,Standard Class,RP-19855
CA-2012-132388,2012-10-10,2012-12-10,First Class,KN-16390
CA-2014-160927,,2014-01-02,Second Class,TM-21010
CA-2012-105508,,,Standard Class,JF-15190
CA-2013-149272,,,Standard Class,MY-18295
CA-2011-111360,,,Standard Class,AT-10435
US-2014-162124,2014-07-05,2014-11-05,Standard Class,JF-15490
CA-2012-159534,,,First Class,DH-13075
CA-2013-129630,2013-05-09,2013-05-09,Same Day,IM-15055
CA-2012-104948,,,Standard Class,KH-16510
CA-2011-166555,2011-11-07,,First Class,JK-15205
CA-2013-114405,2013-08-04,,Standard Class,AS-10240
CA-2014-132955,,,Standard Class,SC-20575
CA-2013-164889,2013-04-06,2013-07-06,Second Class,CP-12340
CA-2013-169824,,,Standard Class,NS-18640
CA-2014-164028,,2014-01-12,Standard Class,JL-15835
CA-2011-143371,,2012-03-01,Standard Class,MD-17350
CA-2012-145415,2012-12-04,,Second Class,RD-19660
CA-2011-111157,2011-02-03,2011-06-03,Standard Class,NH-18610
CA-2014-121559,2014-02-06,2014-04-06,Second Class,HW-14935
CA-2012-141593,,,Second Class,DB-12970
US-2011-143287,2011-11-11,,Standard Class,KN-16705
CA-2014-137421,2014-07-10,2014-12-10,Standard Class,AJ-10945
CA-2014-141446,,,Second Class,CL-12700
CA-2012-168088,,,First Class,CM-12655
CA-2012-143700,,,Same Day,AS-10240
CA-2013-146374,2013-06-12,2013-11-12,Second Class,HE-14800
CA-2014-153871,2014-12-12,,Standard Class,RB-19435
CA-2012-103772,,2012-02-07,Standard Class,MP-17470
CA-2013-130225,2013-12-09,,Standard Class,RC-19960
US-2013-103674,2013-07-12,2013-11-12,Standard Class,AP-10720
US-2012-151435,2012-06-09,2012-09-09,Second Class,SW-20455
CA-2014-163566,2014-04-08,2014-07-08,First Class,TB-21055
US-2013-157728,,,Standard Class,RC-19960
CA-2012-100251,,,Standard Class,DV-13465
CA-2013-125794,,2013-04-10,Standard Class,ML-17410
CA-2014-163629,,,Standard Class,RA-19885
CA-2011-110422,,,Second Class,TB-21400
CA-2014-121258,,2014-04-03,Standard Class,DB-13060
CA-2014-119914,2014-05-05,2014-10-05,Second Class,CC-12220
